away_team,game_id,home_team,href,start_time
Cardiff City,25822391,Manchester United,https://www.bbc.com/sport/football/25822391,2014-01-28T19:45:00+00:00
Newcastle United,25822239,Norwich City,https://www.bbc.com/sport/football/25822239,2014-01-28T19:45:00+00:00
Arsenal,25822287,Southampton,https://www.bbc.com/sport/football/25822287,2014-01-28T19:45:00+00:00
Fulham,25822328,Swansea City,https://www.bbc.com/sport/football/25822328,2014-01-28T19:45:00+00:00
Hull City,25822243,Crystal Palace,https://www.bbc.com/sport/football/25822243,2014-01-28T20:00:00+00:00
Everton,25822244,Liverpool,https://www.bbc.com/sport/football/25822244,2014-01-28T20:00:00+00:00
Manchester City,25609826,Newcastle United,https://www.bbc.com/sport/football/25609826,2014-01-12T14:05:00+00:00
Liverpool,25609799,Stoke City,https://www.bbc.com/sport/football/25609799,2014-01-12T16:10:00+00:00
Manchester City,25513273,Swansea City,https://www.bbc.com/sport/football/25513273,2014-01-01T12:45:00+00:00
Cardiff City,25513360,Arsenal,https://www.bbc.com/sport/football/25513360,2014-01-01T15:00:00+00:00
Norwich City,25513261,Crystal Palace,https://www.bbc.com/sport/football/25513261,2014-01-01T15:00:00+00:00
West Ham United,25513331,Fulham,https://www.bbc.com/sport/football/25513331,2014-01-01T15:00:00+00:00
Hull City,25513270,Liverpool,https://www.bbc.com/sport/football/25513270,2014-01-01T15:00:00+00:00
Chelsea,25513332,Southampton,https://www.bbc.com/sport/football/25513332,2014-01-01T15:00:00+00:00
Everton,25513272,Stoke City,https://www.bbc.com/sport/football/25513272,2014-01-01T15:00:00+00:00
Aston Villa,25513359,Sunderland,https://www.bbc.com/sport/football/25513359,2014-01-01T15:00:00+00:00
Newcastle United,25513268,West Bromwich Albion,https://www.bbc.com/sport/football/25513268,2014-01-01T15:00:00+00:00
Tottenham Hotspur,25513267,Manchester United,https://www.bbc.com/sport/football/25513267,2014-01-01T17:30:00+00:00
Everton,25708307,West Bromwich Albion,https://www.bbc.com/sport/football/25708307,2014-01-20T20:00:00+00:00
Chelsea,25600393,Hull City,https://www.bbc.com/sport/football/25600393,2014-01-11T12:45:00+00:00
West Ham United,25600389,Cardiff City,https://www.bbc.com/sport/football/25600389,2014-01-11T15:00:00+00:00
Norwich City,25600463,Everton,https://www.bbc.com/sport/football/25600463,2014-01-11T15:00:00+00:00
Sunderland,25600520,Fulham,https://www.bbc.com/sport/football/25600520,2014-01-11T15:00:00+00:00
West Bromwich Albion,25600388,Southampton,https://www.bbc.com/sport/football/25600388,2014-01-11T15:00:00+00:00
Crystal Palace,25600519,Tottenham Hotspur,https://www.bbc.com/sport/football/25600519,2014-01-11T15:00:00+00:00
Swansea City,25600466,Manchester United,https://www.bbc.com/sport/football/25600466,2014-01-11T17:30:00+00:00
West Bromwich Albion,25838290,Aston Villa,https://www.bbc.com/sport/football/25838290,2014-01-29T19:45:00+00:00
West Ham United,25838369,Chelsea,https://www.bbc.com/sport/football/25838369,2014-01-29T19:45:00+00:00
Stoke City,25838328,Sunderland,https://www.bbc.com/sport/football/25838328,2014-01-29T19:45:00+00:00
Manchester City,25838298,Tottenham Hotspur,https://www.bbc.com/sport/football/25838298,2014-01-29T19:45:00+00:00
Arsenal,25617902,Aston Villa,https://www.bbc.com/sport/football/25617902,2014-01-13T20:00:00+00:00
Tottenham Hotspur,25701614,Swansea City,https://www.bbc.com/sport/football/25701614,2014-01-19T13:30:00+00:00
Manchester United,25701613,Chelsea,https://www.bbc.com/sport/football/25701613,2014-01-19T16:00:00+00:00
Southampton,25693406,Sunderland,https://www.bbc.com/sport/football/25693406,2014-01-18T12:45:00+00:00
Fulham,25693407,Arsenal,https://www.bbc.com/sport/football/25693407,2014-01-18T15:00:00+00:00
Stoke City,25693671,Crystal Palace,https://www.bbc.com/sport/football/25693671,2014-01-18T15:00:00+00:00
Cardiff City,25693306,Manchester City,https://www.bbc.com/sport/football/25693306,2014-01-18T15:00:00+00:00
Hull City,25693301,Norwich City,https://www.bbc.com/sport/football/25693301,2014-01-18T15:00:00+00:00
Newcastle United,25693305,West Ham United,https://www.bbc.com/sport/football/25693305,2014-01-18T15:00:00+00:00
Aston Villa,25693308,Liverpool,https://www.bbc.com/sport/football/25693308,2014-01-18T17:30:00+00:00
West Ham United,26710762,Sunderland,https://www.bbc.com/sport/football/26710762,2014-03-31T20:00:00+01:00
Norwich City,26311656,Aston Villa,https://www.bbc.com/sport/football/26311656,2014-03-02T16:30:00+00:00
Crystal Palace,26311677,Swansea City,https://www.bbc.com/sport/football/26311677,2014-03-02T16:30:00+00:00
Cardiff City,26311678,Tottenham Hotspur,https://www.bbc.com/sport/football/26311678,2014-03-02T16:30:00+00:00
Everton,26703762,Fulham,https://www.bbc.com/sport/football/26703762,2014-03-30T13:30:00+01:00
Tottenham Hotspur,26703761,Liverpool,https://www.bbc.com/sport/football/26703761,2014-03-30T16:00:00+01:00
Swansea City,26396176,Arsenal,https://www.bbc.com/sport/football/26396176,2014-03-25T19:45:00+00:00
Manchester City,26624110,Manchester United,https://www.bbc.com/sport/football/26624110,2014-03-25T19:45:00+00:00
Everton,26404288,Newcastle United,https://www.bbc.com/sport/football/26404288,2014-03-25T19:45:00+00:00
Hull City,26641431,West Ham United,https://www.bbc.com/sport/football/26641431,2014-03-26T19:45:00+00:00
Sunderland,26641438,Liverpool,https://www.bbc.com/sport/football/26641438,2014-03-26T20:00:00+00:00
Manchester United,26396175,West Bromwich Albion,https://www.bbc.com/sport/football/26396175,2014-03-08T12:45:00+00:00
Fulham,26396173,Cardiff City,https://www.bbc.com/sport/football/26396173,2014-03-08T15:00:00+00:00
Southampton,26396252,Crystal Palace,https://www.bbc.com/sport/football/26396252,2014-03-08T15:00:00+00:00
Stoke City,26396250,Norwich City,https://www.bbc.com/sport/football/26396250,2014-03-08T15:00:00+00:00
Tottenham Hotspur,26396251,Chelsea,https://www.bbc.com/sport/football/26396251,2014-03-08T17:30:00+00:00
Liverpool,26502631,Manchester United,https://www.bbc.com/sport/football/26502631,2014-03-16T13:30:00+00:00
Arsenal,26502628,Tottenham Hotspur,https://www.bbc.com/sport/football/26502628,2014-03-16T16:00:00+00:00
Aston Villa,26694513,Manchester United,https://www.bbc.com/sport/football/26694513,2014-03-29T12:45:00+00:00
Chelsea,26694315,Crystal Palace,https://www.bbc.com/sport/football/26694315,2014-03-29T15:00:00+00:00
Newcastle United,26694310,Southampton,https://www.bbc.com/sport/football/26694310,2014-03-29T15:00:00+00:00
Hull City,26694309,Stoke City,https://www.bbc.com/sport/football/26694309,2014-03-29T15:00:00+00:00
Norwich City,26694313,Swansea City,https://www.bbc.com/sport/football/26694313,2014-03-29T15:00:00+00:00
Cardiff City,26694512,West Bromwich Albion,https://www.bbc.com/sport/football/26694512,2014-03-29T15:00:00+00:00
Manchester City,26694311,Arsenal,https://www.bbc.com/sport/football/26694311,2014-03-29T17:30:00+00:00
Arsenal,26590673,Chelsea,https://www.bbc.com/sport/football/26590673,2014-03-22T12:45:00+00:00
Liverpool,26590177,Cardiff City,https://www.bbc.com/sport/football/26590177,2014-03-22T15:00:00+00:00
Swansea City,26589993,Everton,https://www.bbc.com/sport/football/26589993,2014-03-22T15:00:00+00:00
West Bromwich Albion,26589984,Hull City,https://www.bbc.com/sport/football/26589984,2014-03-22T15:00:00+00:00
Fulham,26590071,Manchester City,https://www.bbc.com/sport/football/26590071,2014-03-22T15:00:00+00:00
Crystal Palace,26590073,Newcastle United,https://www.bbc.com/sport/football/26590073,2014-03-22T15:00:00+00:00
Sunderland,26589980,Norwich City,https://www.bbc.com/sport/football/26589980,2014-03-22T15:00:00+00:00
Manchester United,26589992,West Ham United,https://www.bbc.com/sport/football/26589992,2014-03-22T17:30:00+00:00
West Ham United,26300994,Everton,https://www.bbc.com/sport/football/26300994,2014-03-01T15:00:00+00:00
Chelsea,26300995,Fulham,https://www.bbc.com/sport/football/26300995,2014-03-01T15:00:00+00:00
Newcastle United,26300992,Hull City,https://www.bbc.com/sport/football/26300992,2014-03-01T15:00:00+00:00
Arsenal,26301137,Stoke City,https://www.bbc.com/sport/football/26301137,2014-03-01T15:00:00+00:00
Liverpool,26300991,Southampton,https://www.bbc.com/sport/football/26300991,2014-03-01T17:30:00+00:00
Southampton,26599215,Tottenham Hotspur,https://www.bbc.com/sport/football/26599215,2014-03-23T13:30:00+00:00
Stoke City,26599250,Aston Villa,https://www.bbc.com/sport/football/26599250,2014-03-23T16:00:00+00:00
Manchester City,26493219,Hull City,https://www.bbc.com/sport/football/26493219,2014-03-15T12:45:00+00:00
Cardiff City,26493214,Everton,https://www.bbc.com/sport/football/26493214,2014-03-15T15:00:00+00:00
Newcastle United,26493211,Fulham,https://www.bbc.com/sport/football/26493211,2014-03-15T15:00:00+00:00
Norwich City,26493213,Southampton,https://www.bbc.com/sport/football/26493213,2014-03-15T15:00:00+00:00
West Ham United,26493311,Stoke City,https://www.bbc.com/sport/football/26493311,2014-03-15T15:00:00+00:00
Crystal Palace,26493267,Sunderland,https://www.bbc.com/sport/football/26493267,2014-03-15T15:00:00+00:00
West Bromwich Albion,26493268,Swansea City,https://www.bbc.com/sport/football/26493268,2014-03-15T15:00:00+00:00
Chelsea,26493266,Aston Villa,https://www.bbc.com/sport/football/26493266,2014-03-15T17:30:00+00:00
Aston Villa,26396253,Manchester City,https://www.bbc.com/sport/football/26396253,2014-05-07T19:45:00+01:00
West Bromwich Albion,26300993,Sunderland,https://www.bbc.com/sport/football/26300993,2014-05-07T19:45:00+01:00
Chelsea,27273463,Cardiff City,https://www.bbc.com/sport/football/27273463,2014-05-11T15:00:00+01:00
Crystal Palace,27273317,Fulham,https://www.bbc.com/sport/football/27273317,2014-05-11T15:00:00+01:00
Everton,27273312,Hull City,https://www.bbc.com/sport/football/27273312,2014-05-11T15:00:00+01:00
Newcastle United,27273390,Liverpool,https://www.bbc.com/sport/football/27273390,2014-05-11T15:00:00+01:00
West Ham United,27273582,Manchester City,https://www.bbc.com/sport/football/27273582,2014-05-11T15:00:00+01:00
Arsenal,27273461,Norwich City,https://www.bbc.com/sport/football/27273461,2014-05-11T15:00:00+01:00
Manchester United,27273510,Southampton,https://www.bbc.com/sport/football/27273510,2014-05-11T15:00:00+01:00
Swansea City,27273569,Sunderland,https://www.bbc.com/sport/football/27273569,2014-05-11T15:00:00+01:00
Aston Villa,27273512,Tottenham Hotspur,https://www.bbc.com/sport/football/27273512,2014-05-11T15:00:00+01:00
Stoke City,27273391,West Bromwich Albion,https://www.bbc.com/sport/football/27273391,2014-05-11T15:00:00+01:00
Liverpool,27184083,Crystal Palace,https://www.bbc.com/sport/football/27184083,2014-05-05T20:00:00+01:00
West Bromwich Albion,27176865,Arsenal,https://www.bbc.com/sport/football/27176865,2014-05-04T13:30:00+01:00
Norwich City,27176867,Chelsea,https://www.bbc.com/sport/football/27176867,2014-05-04T16:00:00+01:00
Tottenham Hotspur,27168669,West Ham United,https://www.bbc.com/sport/football/27168669,2014-05-03T12:45:00+01:00
Hull City,27168599,Aston Villa,https://www.bbc.com/sport/football/27168599,2014-05-03T15:00:00+01:00
Sunderland,27168533,Manchester United,https://www.bbc.com/sport/football/27168533,2014-05-03T15:00:00+01:00
Cardiff City,27168531,Newcastle United,https://www.bbc.com/sport/football/27168531,2014-05-03T15:00:00+01:00
Fulham,27168529,Stoke City,https://www.bbc.com/sport/football/27168529,2014-05-03T15:00:00+01:00
Southampton,27168746,Swansea City,https://www.bbc.com/sport/football/27168746,2014-05-03T15:00:00+01:00
Manchester City,27168536,Everton,https://www.bbc.com/sport/football/27168536,2014-05-03T17:30:00+01:00
Hull City,27200334,Manchester United,https://www.bbc.com/sport/football/27200334,2014-05-06T19:45:00+01:00
Newcastle United,28816297,Aston Villa,https://www.bbc.com/sport/football/28816297,2014-08-23T12:45:00+01:00
Leicester City,28816298,Chelsea,https://www.bbc.com/sport/football/28816298,2014-08-23T15:00:00+01:00
West Ham United,28816440,Crystal Palace,https://www.bbc.com/sport/football/28816440,2014-08-23T15:00:00+01:00
West Bromwich Albion,28816296,Southampton,https://www.bbc.com/sport/football/28816296,2014-08-23T15:00:00+01:00
Burnley,28816889,Swansea City,https://www.bbc.com/sport/football/28816889,2014-08-23T15:00:00+01:00
Arsenal,28816295,Everton,https://www.bbc.com/sport/football/28816295,2014-08-23T17:30:00+01:00
Swansea City,28718345,Manchester United,https://www.bbc.com/sport/football/28718345,2014-08-16T12:45:00+01:00
Everton,28718336,Leicester City,https://www.bbc.com/sport/football/28718336,2014-08-16T15:00:00+01:00
Hull City,28718789,Queens Park Rangers,https://www.bbc.com/sport/football/28718789,2014-08-16T15:00:00+01:00
Aston Villa,28718337,Stoke City,https://www.bbc.com/sport/football/28718337,2014-08-16T15:00:00+01:00
Sunderland,28718388,West Bromwich Albion,https://www.bbc.com/sport/football/28718388,2014-08-16T15:00:00+01:00
Tottenham Hotspur,28718387,West Ham United,https://www.bbc.com/sport/football/28718387,2014-08-16T15:00:00+01:00
Crystal Palace,28718788,Arsenal,https://www.bbc.com/sport/football/28718788,2014-08-16T17:30:00+01:00
Hull City,28917064,Aston Villa,https://www.bbc.com/sport/football/28917064,2014-08-31T13:30:00+01:00
Liverpool,28917060,Tottenham Hotspur,https://www.bbc.com/sport/football/28917060,2014-08-31T13:30:00+01:00
Arsenal,28917059,Leicester City,https://www.bbc.com/sport/football/28917059,2014-08-31T16:00:00+01:00
Chelsea,28735901,Burnley,https://www.bbc.com/sport/football/28735901,2014-08-18T20:00:00+01:00
Manchester United,28909835,Burnley,https://www.bbc.com/sport/football/28909835,2014-08-30T12:45:00+01:00
Stoke City,28907276,Manchester City,https://www.bbc.com/sport/football/28907276,2014-08-30T15:00:00+01:00
Crystal Palace,28906780,Newcastle United,https://www.bbc.com/sport/football/28906780,2014-08-30T15:00:00+01:00
Sunderland,28906777,Queens Park Rangers,https://www.bbc.com/sport/football/28906777,2014-08-30T15:00:00+01:00
West Bromwich Albion,28909834,Swansea City,https://www.bbc.com/sport/football/28909834,2014-08-30T15:00:00+01:00
Southampton,28906779,West Ham United,https://www.bbc.com/sport/football/28906779,2014-08-30T15:00:00+01:00
Chelsea,28906778,Everton,https://www.bbc.com/sport/football/28906778,2014-08-30T17:30:00+01:00
Southampton,28730043,Liverpool,https://www.bbc.com/sport/football/28730043,2014-08-17T13:30:00+01:00
Manchester City,28730044,Newcastle United,https://www.bbc.com/sport/football/28730044,2014-08-17T16:00:00+01:00
Stoke City,28824514,Hull City,https://www.bbc.com/sport/football/28824514,2014-08-24T13:30:00+01:00
Queens Park Rangers,28824594,Tottenham Hotspur,https://www.bbc.com/sport/football/28824594,2014-08-24T13:30:00+01:00
Manchester United,28824549,Sunderland,https://www.bbc.com/sport/football/28824549,2014-08-24T16:00:00+01:00
Liverpool,28831352,Manchester City,https://www.bbc.com/sport/football/28831352,2014-08-25T20:00:00+01:00
Everton,29679353,Burnley,https://www.bbc.com/sport/football/29679353,2014-10-26T13:30:00+00:00
Newcastle United,29679402,Tottenham Hotspur,https://www.bbc.com/sport/football/29679402,2014-10-26T13:30:00+00:00
Chelsea,29679403,Manchester United,https://www.bbc.com/sport/football/29679403,2014-10-26T16:00:00+00:00
Manchester City,29670449,West Ham United,https://www.bbc.com/sport/football/29670449,2014-10-25T12:45:00+01:00
Hull City,29670447,Liverpool,https://www.bbc.com/sport/football/29670447,2014-10-25T15:00:00+01:00
Stoke City,29670448,Southampton,https://www.bbc.com/sport/football/29670448,2014-10-25T15:00:00+01:00
Arsenal,29671744,Sunderland,https://www.bbc.com/sport/football/29671744,2014-10-25T15:00:00+01:00
Crystal Palace,29671751,West Bromwich Albion,https://www.bbc.com/sport/football/29671751,2014-10-25T15:00:00+01:00
Leicester City,29670869,Swansea City,https://www.bbc.com/sport/football/29670869,2014-10-25T17:30:00+01:00
Liverpool,29586620,Queens Park Rangers,https://www.bbc.com/sport/football/29586620,2014-10-19T13:30:00+01:00
Swansea City,29586592,Stoke City,https://www.bbc.com/sport/football/29586592,2014-10-19T16:00:00+01:00
Everton,29398862,Manchester United,https://www.bbc.com/sport/football/29398862,2014-10-05T12:00:00+01:00
Arsenal,29398780,Chelsea,https://www.bbc.com/sport/football/29398780,2014-10-05T14:05:00+01:00
Southampton,29398821,Tottenham Hotspur,https://www.bbc.com/sport/football/29398821,2014-10-05T14:05:00+01:00
Queens Park Rangers,29398822,West Ham United,https://www.bbc.com/sport/football/29398822,2014-10-05T16:15:00+01:00
Crystal Palace,29389681,Hull City,https://www.bbc.com/sport/football/29389681,2014-10-04T15:00:00+01:00
Burnley,29389664,Leicester City,https://www.bbc.com/sport/football/29389664,2014-10-04T15:00:00+01:00
West Bromwich Albion,29389680,Liverpool,https://www.bbc.com/sport/football/29389680,2014-10-04T15:00:00+01:00
Stoke City,29389678,Sunderland,https://www.bbc.com/sport/football/29389678,2014-10-04T15:00:00+01:00
Newcastle United,29389679,Swansea City,https://www.bbc.com/sport/football/29389679,2014-10-04T15:00:00+01:00
Manchester City,29389665,Aston Villa,https://www.bbc.com/sport/football/29389665,2014-10-04T17:30:00+01:00
Aston Villa,29684587,Queens Park Rangers,https://www.bbc.com/sport/football/29684587,2014-10-27T20:00:00+00:00
Manchester United,29592002,West Bromwich Albion,https://www.bbc.com/sport/football/29592002,2014-10-20T20:00:00+01:00
Tottenham Hotspur,29580245,Manchester City,https://www.bbc.com/sport/football/29580245,2014-10-18T12:45:00+01:00
Hull City,29580152,Arsenal,https://www.bbc.com/sport/football/29580152,2014-10-18T15:00:00+01:00
West Ham United,29580151,Burnley,https://www.bbc.com/sport/football/29580151,2014-10-18T15:00:00+01:00
Chelsea,29580146,Crystal Palace,https://www.bbc.com/sport/football/29580146,2014-10-18T15:00:00+01:00
Aston Villa,29580149,Everton,https://www.bbc.com/sport/football/29580149,2014-10-18T15:00:00+01:00
Leicester City,29580244,Newcastle United,https://www.bbc.com/sport/football/29580244,2014-10-18T15:00:00+01:00
Sunderland,29580147,Southampton,https://www.bbc.com/sport/football/29580147,2014-10-18T15:00:00+01:00
Queens Park Rangers,30373609,Everton,https://www.bbc.com/sport/football/30373609,2014-12-15T20:00:00+00:00
Crystal Palace,30459797,Manchester City,https://www.bbc.com/sport/football/30459797,2014-12-20T12:45:00+00:00
Manchester United,30459793,Aston Villa,https://www.bbc.com/sport/football/30459793,2014-12-20T15:00:00+00:00
Swansea City,30459788,Hull City,https://www.bbc.com/sport/football/30459788,2014-12-20T15:00:00+00:00
West Bromwich Albion,30459789,Queens Park Rangers,https://www.bbc.com/sport/football/30459789,2014-12-20T15:00:00+00:00
Everton,30459790,Southampton,https://www.bbc.com/sport/football/30459790,2014-12-20T15:00:00+00:00
Burnley,30459791,Tottenham Hotspur,https://www.bbc.com/sport/football/30459791,2014-12-20T15:00:00+00:00
Leicester City,30459792,West Ham United,https://www.bbc.com/sport/football/30459792,2014-12-20T15:00:00+00:00
Chelsea,30474063,Stoke City,https://www.bbc.com/sport/football/30474063,2014-12-22T20:00:00+00:00
Sunderland,30467745,Newcastle United,https://www.bbc.com/sport/football/30467745,2014-12-21T13:30:00+00:00
Arsenal,30467742,Liverpool,https://www.bbc.com/sport/football/30467742,2014-12-21T16:00:00+00:00
Manchester United,30566679,Tottenham Hotspur,https://www.bbc.com/sport/football/30566679,2014-12-28T12:00:00+00:00
Chelsea,30566736,Southampton,https://www.bbc.com/sport/football/30566736,2014-12-28T14:05:00+00:00
Sunderland,30566744,Aston Villa,https://www.bbc.com/sport/football/30566744,2014-12-28T15:00:00+00:00
Leicester City,30566674,Hull City,https://www.bbc.com/sport/football/30566674,2014-12-28T15:00:00+00:00
Burnley,30566745,Manchester City,https://www.bbc.com/sport/football/30566745,2014-12-28T15:00:00+00:00
Crystal Palace,30566678,Queens Park Rangers,https://www.bbc.com/sport/football/30566678,2014-12-28T15:00:00+00:00
West Bromwich Albion,30566675,Stoke City,https://www.bbc.com/sport/football/30566675,2014-12-28T15:00:00+00:00
Arsenal,30566743,West Ham United,https://www.bbc.com/sport/football/30566743,2014-12-28T15:00:00+00:00
Everton,30566680,Newcastle United,https://www.bbc.com/sport/football/30566680,2014-12-28T16:15:00+00:00
Chelsea,30257076,Newcastle United,https://www.bbc.com/sport/football/30257076,2014-12-06T12:45:00+00:00
West Bromwich Albion,30257142,Hull City,https://www.bbc.com/sport/football/30257142,2014-12-06T15:00:00+00:00
Sunderland,30257075,Liverpool,https://www.bbc.com/sport/football/30257075,2014-12-06T15:00:00+00:00
Burnley,30257072,Queens Park Rangers,https://www.bbc.com/sport/football/30257072,2014-12-06T15:00:00+00:00
Arsenal,30257121,Stoke City,https://www.bbc.com/sport/football/30257121,2014-12-06T15:00:00+00:00
Crystal Palace,30257074,Tottenham Hotspur,https://www.bbc.com/sport/football/30257074,2014-12-06T15:00:00+00:00
Everton,30257082,Manchester City,https://www.bbc.com/sport/football/30257082,2014-12-06T17:30:00+00:00
Manchester United,30272012,Southampton,https://www.bbc.com/sport/football/30272012,2014-12-08T20:00:00+00:00
Swansea City,30266472,West Ham United,https://www.bbc.com/sport/football/30266472,2014-12-07T13:30:00+00:00
Leicester City,30266471,Aston Villa,https://www.bbc.com/sport/football/30266471,2014-12-07T16:00:00+00:00
Southampton,30204434,Arsenal,https://www.bbc.com/sport/football/30204434,2014-12-03T19:45:00+00:00
Tottenham Hotspur,30204433,Chelsea,https://www.bbc.com/sport/football/30204433,2014-12-03T19:45:00+00:00
Hull City,30204511,Everton,https://www.bbc.com/sport/football/30204511,2014-12-03T19:45:00+00:00
Manchester City,30204459,Sunderland,https://www.bbc.com/sport/football/30204459,2014-12-03T19:45:00+00:00
Liverpool,30366041,Manchester United,https://www.bbc.com/sport/football/30366041,2014-12-14T13:30:00+00:00
Tottenham Hotspur,30366054,Swansea City,https://www.bbc.com/sport/football/30366054,2014-12-14T16:00:00+00:00
Southampton,30357668,Burnley,https://www.bbc.com/sport/football/30357668,2014-12-13T15:00:00+00:00
Hull City,30357622,Chelsea,https://www.bbc.com/sport/football/30357622,2014-12-13T15:00:00+00:00
Stoke City,30357667,Crystal Palace,https://www.bbc.com/sport/football/30357667,2014-12-13T15:00:00+00:00
Manchester City,30357666,Leicester City,https://www.bbc.com/sport/football/30357666,2014-12-13T15:00:00+00:00
West Ham United,30357563,Sunderland,https://www.bbc.com/sport/football/30357563,2014-12-13T15:00:00+00:00
Aston Villa,30357564,West Bromwich Albion,https://www.bbc.com/sport/football/30357564,2014-12-13T15:00:00+00:00
Newcastle United,30357669,Arsenal,https://www.bbc.com/sport/football/30357669,2014-12-13T17:30:00+00:00
Newcastle United,30188074,Burnley,https://www.bbc.com/sport/football/30188074,2014-12-02T19:45:00+00:00
Liverpool,30188283,Leicester City,https://www.bbc.com/sport/football/30188283,2014-12-02T19:45:00+00:00
Stoke City,30188282,Manchester United,https://www.bbc.com/sport/football/30188282,2014-12-02T19:45:00+00:00
Queens Park Rangers,30188186,Swansea City,https://www.bbc.com/sport/football/30188186,2014-12-02T19:45:00+00:00
Aston Villa,30188185,Crystal Palace,https://www.bbc.com/sport/football/30188185,2014-12-02T20:00:00+00:00
West Ham United,30188150,West Bromwich Albion,https://www.bbc.com/sport/football/30188150,2014-12-02T20:00:00+00:00
Swansea City,30572378,Liverpool,https://www.bbc.com/sport/football/30572378,2014-12-29T20:00:00+00:00
West Ham United,30544150,Chelsea,https://www.bbc.com/sport/football/30544150,2014-12-26T12:45:00+00:00
Liverpool,30544290,Burnley,https://www.bbc.com/sport/football/30544290,2014-12-26T15:00:00+00:00
Southampton,30544147,Crystal Palace,https://www.bbc.com/sport/football/30544147,2014-12-26T15:00:00+00:00
Stoke City,30544231,Everton,https://www.bbc.com/sport/football/30544231,2014-12-26T15:00:00+00:00
Tottenham Hotspur,30544152,Leicester City,https://www.bbc.com/sport/football/30544152,2014-12-26T15:00:00+00:00
Newcastle United,30544155,Manchester United,https://www.bbc.com/sport/football/30544155,2014-12-26T15:00:00+00:00
Hull City,30544234,Sunderland,https://www.bbc.com/sport/football/30544234,2014-12-26T15:00:00+00:00
Aston Villa,30544148,Swansea City,https://www.bbc.com/sport/football/30544148,2014-12-26T15:00:00+00:00
Manchester City,30544232,West Bromwich Albion,https://www.bbc.com/sport/football/30544232,2014-12-26T15:00:00+00:00
Queens Park Rangers,30544277,Arsenal,https://www.bbc.com/sport/football/30544277,2014-12-26T17:30:00+00:00
Southampton,20955084,Chelsea,https://www.bbc.com/sport/football/20955084,2013-01-16T19:45:00+00:00
Norwich City,20996627,Liverpool,https://www.bbc.com/sport/football/20996627,2013-01-19T15:00:00+00:00
Fulham,20996606,Manchester City,https://www.bbc.com/sport/football/20996606,2013-01-19T15:00:00+00:00
Reading,20996823,Newcastle United,https://www.bbc.com/sport/football/20996823,2013-01-19T15:00:00+00:00
Stoke City,20996739,Swansea City,https://www.bbc.com/sport/football/20996739,2013-01-19T15:00:00+00:00
Queens Park Rangers,20996519,West Ham United,https://www.bbc.com/sport/football/20996519,2013-01-19T15:00:00+00:00
Sunderland,20996449,Wigan Athletic,https://www.bbc.com/sport/football/20996449,2013-01-19T15:00:00+00:00
Aston Villa,20996732,West Bromwich Albion,https://www.bbc.com/sport/football/20996732,2013-01-19T17:30:00+00:00
Tottenham Hotspur,20924175,Queens Park Rangers,https://www.bbc.com/sport/football/20924175,2013-01-12T12:45:00+00:00
Southampton,20919157,Aston Villa,https://www.bbc.com/sport/football/20919157,2013-01-12T15:00:00+00:00
Swansea City,20918975,Everton,https://www.bbc.com/sport/football/20918975,2013-01-12T15:00:00+00:00
Wigan Athletic,20919269,Fulham,https://www.bbc.com/sport/football/20919269,2013-01-12T15:00:00+00:00
Newcastle United,20919283,Norwich City,https://www.bbc.com/sport/football/20919283,2013-01-12T15:00:00+00:00
West Bromwich Albion,20919136,Reading,https://www.bbc.com/sport/football/20919136,2013-01-12T15:00:00+00:00
Chelsea,20919045,Stoke City,https://www.bbc.com/sport/football/20919045,2013-01-12T15:00:00+00:00
West Ham United,20919220,Sunderland,https://www.bbc.com/sport/football/20919220,2013-01-12T15:00:00+00:00
Fulham,20840909,West Bromwich Albion,https://www.bbc.com/sport/football/20840909,2013-01-01T12:45:00+00:00
Stoke City,20840958,Manchester City,https://www.bbc.com/sport/football/20840958,2013-01-01T15:00:00+00:00
Aston Villa,20840916,Swansea City,https://www.bbc.com/sport/football/20840916,2013-01-01T15:00:00+00:00
Reading,20840937,Tottenham Hotspur,https://www.bbc.com/sport/football/20840937,2013-01-01T15:00:00+00:00
Norwich City,20841042,West Ham United,https://www.bbc.com/sport/football/20841042,2013-01-01T15:00:00+00:00
Manchester United,20841210,Wigan Athletic,https://www.bbc.com/sport/football/20841210,2013-01-01T15:00:00+00:00
Arsenal,20841077,Southampton,https://www.bbc.com/sport/football/20841077,2013-01-01T17:30:00+00:00
Everton,21007926,Southampton,https://www.bbc.com/sport/football/21007926,2013-01-21T20:00:00+00:00
West Ham United,21038749,Arsenal,https://www.bbc.com/sport/football/21038749,2013-01-23T19:45:00+00:00
Newcastle United,21137565,Aston Villa,https://www.bbc.com/sport/football/21137565,2013-01-29T19:45:00+00:00
Manchester City,21137460,Queens Park Rangers,https://www.bbc.com/sport/football/21137460,2013-01-29T19:45:00+00:00
Wigan Athletic,21137488,Stoke City,https://www.bbc.com/sport/football/21137488,2013-01-29T19:45:00+00:00
Swansea City,21137558,Sunderland,https://www.bbc.com/sport/football/21137558,2013-01-29T19:45:00+00:00
Liverpool,20924824,Manchester United,https://www.bbc.com/sport/football/20924824,2013-01-13T13:30:00+00:00
Manchester City,20924865,Arsenal,https://www.bbc.com/sport/football/20924865,2013-01-13T16:00:00+00:00
Liverpool,21156061,Arsenal,https://www.bbc.com/sport/football/21156061,2013-01-30T19:45:00+00:00
West Bromwich Albion,21156127,Everton,https://www.bbc.com/sport/football/21156127,2013-01-30T19:45:00+00:00
Tottenham Hotspur,21156089,Norwich City,https://www.bbc.com/sport/football/21156089,2013-01-30T19:45:00+00:00
West Ham United,21156068,Fulham,https://www.bbc.com/sport/football/21156068,2013-01-30T20:00:00+00:00
Southampton,21156075,Manchester United,https://www.bbc.com/sport/football/21156075,2013-01-30T20:00:00+00:00
Chelsea,21156120,Reading,https://www.bbc.com/sport/football/21156120,2013-01-30T20:00:00+00:00
Arsenal,21002559,Chelsea,https://www.bbc.com/sport/football/21002559,2013-01-20T13:30:00+00:00
Manchester United,21002574,Tottenham Hotspur,https://www.bbc.com/sport/football/21002574,2013-01-20T16:00:00+00:00
Queens Park Rangers,20843072,Chelsea,https://www.bbc.com/sport/football/20843072,2013-01-02T19:45:00+00:00
Sunderland,20843023,Liverpool,https://www.bbc.com/sport/football/20843023,2013-01-02T19:45:00+00:00
Everton,20843044,Newcastle United,https://www.bbc.com/sport/football/20843044,2013-01-02T20:00:00+00:00
Manchester City,21724274,Everton,https://www.bbc.com/sport/football/21724274,2013-03-16T12:45:00+00:00
Queens Park Rangers,21724358,Aston Villa,https://www.bbc.com/sport/football/21724358,2013-03-16T15:00:00+00:00
Liverpool,21724372,Southampton,https://www.bbc.com/sport/football/21724372,2013-03-16T15:00:00+00:00
West Bromwich Albion,21724246,Stoke City,https://www.bbc.com/sport/football/21724246,2013-03-16T15:00:00+00:00
Arsenal,21724187,Swansea City,https://www.bbc.com/sport/football/21724187,2013-03-16T15:00:00+00:00
Reading,21724400,Manchester United,https://www.bbc.com/sport/football/21724400,2013-03-16T17:30:00+00:00
West Bromwich Albion,21556758,Chelsea,https://www.bbc.com/sport/football/21556758,2013-03-02T15:00:00+00:00
Reading,21556702,Everton,https://www.bbc.com/sport/football/21556702,2013-03-02T15:00:00+00:00
Norwich City,21556837,Manchester United,https://www.bbc.com/sport/football/21556837,2013-03-02T15:00:00+00:00
Queens Park Rangers,21556942,Southampton,https://www.bbc.com/sport/football/21556942,2013-03-02T15:00:00+00:00
West Ham United,21556935,Stoke City,https://www.bbc.com/sport/football/21556935,2013-03-02T15:00:00+00:00
Fulham,21556900,Sunderland,https://www.bbc.com/sport/football/21556900,2013-03-02T15:00:00+00:00
Newcastle United,21556865,Swansea City,https://www.bbc.com/sport/football/21556865,2013-03-02T15:00:00+00:00
Liverpool,21556751,Wigan Athletic,https://www.bbc.com/sport/football/21556751,2013-03-02T17:30:00+00:00
Southampton,21639524,Norwich City,https://www.bbc.com/sport/football/21639524,2013-03-09T15:00:00+00:00
Sunderland,21639329,Queens Park Rangers,https://www.bbc.com/sport/football/21639329,2013-03-09T15:00:00+00:00
Aston Villa,21639183,Reading,https://www.bbc.com/sport/football/21639183,2013-03-09T15:00:00+00:00
Swansea City,21639482,West Bromwich Albion,https://www.bbc.com/sport/football/21639482,2013-03-09T15:00:00+00:00
Liverpool,21915418,Aston Villa,https://www.bbc.com/sport/football/21915418,2013-03-31T13:30:00+01:00
Norwich City,21732253,Sunderland,https://www.bbc.com/sport/football/21732253,2013-03-17T13:30:00+00:00
Fulham,21732280,Tottenham Hotspur,https://www.bbc.com/sport/football/21732280,2013-03-17T15:00:00+00:00
West Ham United,21732260,Chelsea,https://www.bbc.com/sport/football/21732260,2013-03-17T16:00:00+00:00
Newcastle United,21732301,Wigan Athletic,https://www.bbc.com/sport/football/21732301,2013-03-17T16:00:00+00:00
Manchester City,21570967,Aston Villa,https://www.bbc.com/sport/football/21570967,2013-03-04T20:00:00+00:00
Arsenal,21563766,Tottenham Hotspur,https://www.bbc.com/sport/football/21563766,2013-03-03T16:00:00+00:00
Manchester United,21909375,Sunderland,https://www.bbc.com/sport/football/21909375,2013-03-30T12:45:00+00:00
Reading,21909236,Arsenal,https://www.bbc.com/sport/football/21909236,2013-03-30T15:00:00+00:00
Newcastle United,21909313,Manchester City,https://www.bbc.com/sport/football/21909313,2013-03-30T15:00:00+00:00
Chelsea,21909243,Southampton,https://www.bbc.com/sport/football/21909243,2013-03-30T15:00:00+00:00
Tottenham Hotspur,21909184,Swansea City,https://www.bbc.com/sport/football/21909184,2013-03-30T15:00:00+00:00
West Bromwich Albion,21909299,West Ham United,https://www.bbc.com/sport/football/21909299,2013-03-30T15:00:00+00:00
Norwich City,21909250,Wigan Athletic,https://www.bbc.com/sport/football/21909250,2013-03-30T15:00:00+00:00
Stoke City,21909163,Everton,https://www.bbc.com/sport/football/21909163,2013-03-30T17:30:00+00:00
Stoke City,21646451,Newcastle United,https://www.bbc.com/sport/football/21646451,2013-03-10T15:00:00+00:00
Tottenham Hotspur,21646431,Liverpool,https://www.bbc.com/sport/football/21646431,2013-03-10T16:00:00+00:00
Everton,22499152,Chelsea,https://www.bbc.com/sport/football/22499152,2013-05-19T16:00:00+01:00
Queens Park Rangers,22499180,Liverpool,https://www.bbc.com/sport/football/22499180,2013-05-19T16:00:00+01:00
Norwich City,22499159,Manchester City,https://www.bbc.com/sport/football/22499159,2013-05-19T16:00:00+01:00
Arsenal,22499138,Newcastle United,https://www.bbc.com/sport/football/22499138,2013-05-19T16:00:00+01:00
Stoke City,22499096,Southampton,https://www.bbc.com/sport/football/22499096,2013-05-19T16:00:00+01:00
Fulham,22499103,Swansea City,https://www.bbc.com/sport/football/22499103,2013-05-19T16:00:00+01:00
Sunderland,22499089,Tottenham Hotspur,https://www.bbc.com/sport/football/22499089,2013-05-19T16:00:00+01:00
Manchester United,22499117,West Bromwich Albion,https://www.bbc.com/sport/football/22499117,2013-05-19T16:00:00+01:00
Reading,22499173,West Ham United,https://www.bbc.com/sport/football/22499173,2013-05-19T16:00:00+01:00
Aston Villa,22499145,Wigan Athletic,https://www.bbc.com/sport/football/22499145,2013-05-19T16:00:00+01:00
Reading,22320520,Fulham,https://www.bbc.com/sport/football/22320520,2013-05-04T15:00:00+01:00
Aston Villa,22320499,Norwich City,https://www.bbc.com/sport/football/22320499,2013-05-04T15:00:00+01:00
Manchester City,22320492,Swansea City,https://www.bbc.com/sport/football/22320492,2013-05-04T15:00:00+01:00
Southampton,22320583,Tottenham Hotspur,https://www.bbc.com/sport/football/22320583,2013-05-04T15:00:00+01:00
Wigan Athletic,22320485,West Bromwich Albion,https://www.bbc.com/sport/football/22320485,2013-05-04T15:00:00+01:00
Newcastle United,22320534,West Ham United,https://www.bbc.com/sport/football/22320534,2013-05-04T15:00:00+01:00
Arsenal,22320618,Queens Park Rangers,https://www.bbc.com/sport/football/22320618,2013-05-04T17:30:00+01:00
Tottenham Hotspur,22363107,Chelsea,https://www.bbc.com/sport/football/22363107,2013-05-08T19:45:00+01:00
Stoke City,22334373,Sunderland,https://www.bbc.com/sport/football/22334373,2013-05-06T20:00:00+01:00
Everton,22328138,Liverpool,https://www.bbc.com/sport/football/22328138,2013-05-05T13:30:00+01:00
Chelsea,22328145,Manchester United,https://www.bbc.com/sport/football/22328145,2013-05-05T16:00:00+01:00
Chelsea,22409606,Aston Villa,https://www.bbc.com/sport/football/22409606,2013-05-11T12:45:00+01:00
West Bromwich Albion,22348602,Manchester City,https://www.bbc.com/sport/football/22348602,2013-05-07T19:45:00+01:00
Swansea City,22348609,Wigan Athletic,https://www.bbc.com/sport/football/22348609,2013-05-07T19:45:00+01:00
Wigan Athletic,22430454,Arsenal,https://www.bbc.com/sport/football/22430454,2013-05-14T19:45:00+01:00
Manchester City,22430447,Reading,https://www.bbc.com/sport/football/22430447,2013-05-14T20:00:00+01:00
Tottenham Hotspur,22417723,Stoke City,https://www.bbc.com/sport/football/22417723,2013-05-12T13:30:00+01:00
West Ham United,22417758,Everton,https://www.bbc.com/sport/football/22417758,2013-05-12T15:00:00+01:00
Liverpool,22417779,Fulham,https://www.bbc.com/sport/football/22417779,2013-05-12T15:00:00+01:00
West Bromwich Albion,22417730,Norwich City,https://www.bbc.com/sport/football/22417730,2013-05-12T15:00:00+01:00
Newcastle United,22417786,Queens Park Rangers,https://www.bbc.com/sport/football/22417786,2013-05-12T15:00:00+01:00
Southampton,22417765,Sunderland,https://www.bbc.com/sport/football/22417765,2013-05-12T15:00:00+01:00
Swansea City,22417737,Manchester United,https://www.bbc.com/sport/football/22417737,2013-05-12T16:00:00+01:00
Stoke City,23653990,Liverpool,https://www.bbc.com/sport/football/23653990,2013-08-17T12:45:00+01:00
Aston Villa,23644714,Arsenal,https://www.bbc.com/sport/football/23644714,2013-08-17T15:00:00+01:00
Everton,23644749,Norwich City,https://www.bbc.com/sport/football/23644749,2013-08-17T15:00:00+01:00
Fulham,23644878,Sunderland,https://www.bbc.com/sport/football/23644878,2013-08-17T15:00:00+01:00
Southampton,23644676,West Bromwich Albion,https://www.bbc.com/sport/football/23644676,2013-08-17T15:00:00+01:00
Cardiff City,23644798,West Ham United,https://www.bbc.com/sport/football/23644798,2013-08-17T15:00:00+01:00
Manchester United,23644662,Swansea City,https://www.bbc.com/sport/football/23644662,2013-08-17T17:30:00+01:00
Newcastle United,23662898,Manchester City,https://www.bbc.com/sport/football/23662898,2013-08-19T20:00:00+01:00
Tottenham Hotspur,23653983,Crystal Palace,https://www.bbc.com/sport/football/23653983,2013-08-18T13:30:00+01:00
Hull City,23653975,Chelsea,https://www.bbc.com/sport/football/23653975,2013-08-18T16:00:00+01:00
Arsenal,23744679,Fulham,https://www.bbc.com/sport/football/23744679,2013-08-24T12:45:00+01:00
West Bromwich Albion,23737134,Everton,https://www.bbc.com/sport/football/23737134,2013-08-24T15:00:00+01:00
Norwich City,23736895,Hull City,https://www.bbc.com/sport/football/23736895,2013-08-24T15:00:00+01:00
West Ham United,23736938,Newcastle United,https://www.bbc.com/sport/football/23736938,2013-08-24T15:00:00+01:00
Sunderland,23737155,Southampton,https://www.bbc.com/sport/football/23737155,2013-08-24T15:00:00+01:00
Crystal Palace,23736812,Stoke City,https://www.bbc.com/sport/football/23736812,2013-08-24T15:00:00+01:00
Liverpool,23737183,Aston Villa,https://www.bbc.com/sport/football/23737183,2013-08-24T17:30:00+01:00
Manchester City,23744629,Cardiff City,https://www.bbc.com/sport/football/23744629,2013-08-25T16:00:00+01:00
Swansea City,23744664,Tottenham Hotspur,https://www.bbc.com/sport/football/23744664,2013-08-25T16:00:00+01:00
Hull City,23822714,Manchester City,https://www.bbc.com/sport/football/23822714,2013-08-31T12:45:00+01:00
Everton,23822896,Cardiff City,https://www.bbc.com/sport/football/23822896,2013-08-31T15:00:00+01:00
Fulham,23822533,Newcastle United,https://www.bbc.com/sport/football/23822533,2013-08-31T15:00:00+01:00
Southampton,23822700,Norwich City,https://www.bbc.com/sport/football/23822700,2013-08-31T15:00:00+01:00
Stoke City,23822679,West Ham United,https://www.bbc.com/sport/football/23822679,2013-08-31T15:00:00+01:00
Sunderland,23822589,Crystal Palace,https://www.bbc.com/sport/football/23822589,2013-08-31T17:30:00+01:00
Aston Villa,23691551,Chelsea,https://www.bbc.com/sport/football/23691551,2013-08-21T19:45:00+01:00
Chelsea,23751472,Manchester United,https://www.bbc.com/sport/football/23751472,2013-08-26T20:00:00+01:00
Everton,24350210,Manchester City,https://www.bbc.com/sport/football/24350210,2013-10-05T12:45:00+01:00
Newcastle United,24350213,Cardiff City,https://www.bbc.com/sport/football/24350213,2013-10-05T15:00:00+01:00
Stoke City,24350199,Fulham,https://www.bbc.com/sport/football/24350199,2013-10-05T15:00:00+01:00
Aston Villa,24350214,Hull City,https://www.bbc.com/sport/football/24350214,2013-10-05T15:00:00+01:00
Crystal Palace,24350200,Liverpool,https://www.bbc.com/sport/football/24350200,2013-10-05T15:00:00+01:00
Manchester United,24350276,Sunderland,https://www.bbc.com/sport/football/24350276,2013-10-05T17:30:00+01:00
Arsenal,24591400,Crystal Palace,https://www.bbc.com/sport/football/24591400,2013-10-26T12:45:00+01:00
Everton,24591399,Aston Villa,https://www.bbc.com/sport/football/24591399,2013-10-26T15:00:00+01:00
West Bromwich Albion,24591245,Liverpool,https://www.bbc.com/sport/football/24591245,2013-10-26T15:00:00+01:00
Stoke City,24591160,Manchester United,https://www.bbc.com/sport/football/24591160,2013-10-26T15:00:00+01:00
Cardiff City,24591159,Norwich City,https://www.bbc.com/sport/football/24591159,2013-10-26T15:00:00+01:00
Fulham,24591247,Southampton,https://www.bbc.com/sport/football/24591247,2013-10-26T17:30:00+01:00
Fulham,24516030,Crystal Palace,https://www.bbc.com/sport/football/24516030,2013-10-21T20:00:00+01:00
Chelsea,24350208,Norwich City,https://www.bbc.com/sport/football/24350208,2013-10-06T13:30:00+01:00
Swansea City,24350203,Southampton,https://www.bbc.com/sport/football/24350203,2013-10-06T13:30:00+01:00
West Ham United,24350201,Tottenham Hotspur,https://www.bbc.com/sport/football/24350201,2013-10-06T16:00:00+01:00
Arsenal,24350247,West Bromwich Albion,https://www.bbc.com/sport/football/24350247,2013-10-06T16:00:00+01:00
Liverpool,24504079,Newcastle United,https://www.bbc.com/sport/football/24504079,2013-10-19T12:45:00+01:00
Norwich City,24503989,Arsenal,https://www.bbc.com/sport/football/24503989,2013-10-19T15:00:00+01:00
Cardiff City,24504053,Chelsea,https://www.bbc.com/sport/football/24504053,2013-10-19T15:00:00+01:00
Hull City,24504051,Everton,https://www.bbc.com/sport/football/24504051,2013-10-19T15:00:00+01:00
Southampton,24503988,Manchester United,https://www.bbc.com/sport/football/24503988,2013-10-19T15:00:00+01:00
West Bromwich Albion,24504078,Stoke City,https://www.bbc.com/sport/football/24504078,2013-10-19T15:00:00+01:00
Sunderland,24503990,Swansea City,https://www.bbc.com/sport/football/24503990,2013-10-19T15:00:00+01:00
Manchester City,24503985,West Ham United,https://www.bbc.com/sport/football/24503985,2013-10-19T17:30:00+01:00
Tottenham Hotspur,24510366,Aston Villa,https://www.bbc.com/sport/football/24510366,2013-10-20T16:00:00+01:00
Newcastle United,24599741,Sunderland,https://www.bbc.com/sport/football/24599741,2013-10-27T13:30:00+00:00
Manchester City,24599798,Chelsea,https://www.bbc.com/sport/football/24599798,2013-10-27T16:00:00+00:00
West Ham United,24599797,Swansea City,https://www.bbc.com/sport/football/24599797,2013-10-27T16:00:00+00:00
Hull City,24599744,Tottenham Hotspur,https://www.bbc.com/sport/football/24599744,2013-10-27T16:00:00+00:00
West Ham United,25098626,Crystal Palace,https://www.bbc.com/sport/football/25098626,2013-12-03T20:00:00+00:00
Hull City,25115947,Arsenal,https://www.bbc.com/sport/football/25115947,2013-12-04T19:45:00+00:00
Norwich City,25115744,Liverpool,https://www.bbc.com/sport/football/25115744,2013-12-04T19:45:00+00:00
Everton,25115886,Manchester United,https://www.bbc.com/sport/football/25115886,2013-12-04T19:45:00+00:00
Aston Villa,25115885,Southampton,https://www.bbc.com/sport/football/25115885,2013-12-04T19:45:00+00:00
Cardiff City,25115745,Stoke City,https://www.bbc.com/sport/football/25115745,2013-12-04T19:45:00+00:00
Chelsea,25115746,Sunderland,https://www.bbc.com/sport/football/25115746,2013-12-04T19:45:00+00:00
Newcastle United,25115747,Swansea City,https://www.bbc.com/sport/football/25115747,2013-12-04T19:45:00+00:00
Tottenham Hotspur,25115756,Fulham,https://www.bbc.com/sport/football/25115756,2013-12-04T20:00:00+00:00
Manchester City,25115948,West Bromwich Albion,https://www.bbc.com/sport/football/25115948,2013-12-04T20:00:00+00:00
Chelsea,25395874,Arsenal,https://www.bbc.com/sport/football/25395874,2013-12-23T20:00:00+00:00
Arsenal,25275712,Manchester City,https://www.bbc.com/sport/football/25275712,2013-12-14T12:45:00+00:00
West Bromwich Albion,25275713,Cardiff City,https://www.bbc.com/sport/football/25275713,2013-12-14T15:00:00+00:00
Crystal Palace,25275719,Chelsea,https://www.bbc.com/sport/football/25275719,2013-12-14T15:00:00+00:00
Fulham,25275762,Everton,https://www.bbc.com/sport/football/25275762,2013-12-14T15:00:00+00:00
Southampton,25275761,Newcastle United,https://www.bbc.com/sport/football/25275761,2013-12-14T15:00:00+00:00
Sunderland,25275721,West Ham United,https://www.bbc.com/sport/football/25275721,2013-12-14T15:00:00+00:00
Stoke City,25275714,Hull City,https://www.bbc.com/sport/football/25275714,2013-12-14T17:30:00+00:00
Newcastle United,25164173,Manchester United,https://www.bbc.com/sport/football/25164173,2013-12-07T12:45:00+00:00
Cardiff City,25164354,Crystal Palace,https://www.bbc.com/sport/football/25164354,2013-12-07T15:00:00+00:00
West Ham United,25164221,Liverpool,https://www.bbc.com/sport/football/25164221,2013-12-07T15:00:00+00:00
Manchester City,25164174,Southampton,https://www.bbc.com/sport/football/25164174,2013-12-07T15:00:00+00:00
Chelsea,25164178,Stoke City,https://www.bbc.com/sport/football/25164178,2013-12-07T15:00:00+00:00
Norwich City,25164355,West Bromwich Albion,https://www.bbc.com/sport/football/25164355,2013-12-07T15:00:00+00:00
Tottenham Hotspur,25164222,Sunderland,https://www.bbc.com/sport/football/25164222,2013-12-07T17:30:00+00:00
Southampton,25482673,Everton,https://www.bbc.com/sport/football/25482673,2013-12-29T13:30:00+00:00
Arsenal,25482700,Newcastle United,https://www.bbc.com/sport/football/25482700,2013-12-29T13:30:00+00:00
Liverpool,25482699,Chelsea,https://www.bbc.com/sport/football/25482699,2013-12-29T16:00:00+00:00
Stoke City,25482672,Tottenham Hotspur,https://www.bbc.com/sport/football/25482672,2013-12-29T16:00:00+00:00
Cardiff City,25376976,Liverpool,https://www.bbc.com/sport/football/25376976,2013-12-21T12:45:00+00:00
Newcastle United,25377138,Crystal Palace,https://www.bbc.com/sport/football/25377138,2013-12-21T15:00:00+00:00
Manchester City,25377021,Fulham,https://www.bbc.com/sport/football/25377021,2013-12-21T15:00:00+00:00
West Ham United,25377069,Manchester United,https://www.bbc.com/sport/football/25377069,2013-12-21T15:00:00+00:00
Aston Villa,25376974,Stoke City,https://www.bbc.com/sport/football/25376974,2013-12-21T15:00:00+00:00
Norwich City,25377020,Sunderland,https://www.bbc.com/sport/football/25377020,2013-12-21T15:00:00+00:00
Hull City,25377139,West Bromwich Albion,https://www.bbc.com/sport/football/25377139,2013-12-21T15:00:00+00:00
Hull City,25180626,Swansea City,https://www.bbc.com/sport/football/25180626,2013-12-09T20:00:00+00:00
Manchester United,25074422,Tottenham Hotspur,https://www.bbc.com/sport/football/25074422,2013-12-01T12:00:00+00:00
Liverpool,25074365,Hull City,https://www.bbc.com/sport/football/25074365,2013-12-01T14:05:00+00:00
Southampton,25074373,Chelsea,https://www.bbc.com/sport/football/25074373,2013-12-01T16:10:00+00:00
Swansea City,25074442,Manchester City,https://www.bbc.com/sport/football/25074442,2013-12-01T16:10:00+00:00
Tottenham Hotspur,25387088,Southampton,https://www.bbc.com/sport/football/25387088,2013-12-22T13:30:00+00:00
Everton,25387089,Swansea City,https://www.bbc.com/sport/football/25387089,2013-12-22T16:00:00+00:00
West Bromwich Albion,25474663,West Ham United,https://www.bbc.com/sport/football/25474663,2013-12-28T12:45:00+00:00
Swansea City,25474533,Aston Villa,https://www.bbc.com/sport/football/25474533,2013-12-28T15:00:00+00:00
Fulham,25474691,Hull City,https://www.bbc.com/sport/football/25474691,2013-12-28T15:00:00+00:00
Crystal Palace,25474625,Manchester City,https://www.bbc.com/sport/football/25474625,2013-12-28T15:00:00+00:00
Manchester United,25474624,Norwich City,https://www.bbc.com/sport/football/25474624,2013-12-28T15:00:00+00:00
Sunderland,25474665,Cardiff City,https://www.bbc.com/sport/football/25474665,2013-12-28T17:30:00+00:00
Manchester United,25442218,Hull City,https://www.bbc.com/sport/football/25442218,2013-12-26T12:45:00+00:00
Crystal Palace,25442145,Aston Villa,https://www.bbc.com/sport/football/25442145,2013-12-26T15:00:00+00:00
Southampton,25442274,Cardiff City,https://www.bbc.com/sport/football/25442274,2013-12-26T15:00:00+00:00
Swansea City,25442149,Chelsea,https://www.bbc.com/sport/football/25442149,2013-12-26T15:00:00+00:00
Sunderland,25442273,Everton,https://www.bbc.com/sport/football/25442273,2013-12-26T15:00:00+00:00
Stoke City,25442217,Newcastle United,https://www.bbc.com/sport/football/25442217,2013-12-26T15:00:00+00:00
Fulham,25442183,Norwich City,https://www.bbc.com/sport/football/25442183,2013-12-26T15:00:00+00:00
West Bromwich Albion,25442147,Tottenham Hotspur,https://www.bbc.com/sport/football/25442147,2013-12-26T15:00:00+00:00
Arsenal,25442146,West Ham United,https://www.bbc.com/sport/football/25442146,2013-12-26T15:00:00+00:00
Liverpool,25442148,Manchester City,https://www.bbc.com/sport/football/25442148,2013-12-26T17:30:00+00:00
Aston Villa,25173159,Fulham,https://www.bbc.com/sport/football/25173159,2013-12-08T13:30:00+00:00
Everton,25173164,Arsenal,https://www.bbc.com/sport/football/25173164,2013-12-08T16:00:00+00:00
Manchester United,25287546,Aston Villa,https://www.bbc.com/sport/football/25287546,2013-12-15T13:30:00+00:00
Swansea City,25287556,Norwich City,https://www.bbc.com/sport/football/25287556,2013-12-15T13:30:00+00:00
Liverpool,25287554,Tottenham Hotspur,https://www.bbc.com/sport/football/25287554,2013-12-15T16:00:00+00:00
West Bromwich Albion,16336960,Tottenham Hotspur,https://www.bbc.com/sport/football/16336960,2012-01-03T19:45:00+00:00
Sunderland,16336918,Wigan Athletic,https://www.bbc.com/sport/football/16336918,2012-01-03T19:45:00+00:00
Liverpool,16336904,Manchester City,https://www.bbc.com/sport/football/16336904,2012-01-03T20:00:00+00:00
Swansea City,16331446,Aston Villa,https://www.bbc.com/sport/football/16331446,2012-01-02T15:00:00+00:00
Stoke City,16331068,Blackburn Rovers,https://www.bbc.com/sport/football/16331068,2012-01-02T15:00:00+00:00
Norwich City,16331299,Queens Park Rangers,https://www.bbc.com/sport/football/16331299,2012-01-02T15:00:00+00:00
Chelsea,16331488,Wolverhampton Wanderers,https://www.bbc.com/sport/football/16331488,2012-01-02T15:00:00+00:00
Arsenal,16331404,Fulham,https://www.bbc.com/sport/football/16331404,2012-01-02T17:30:00+00:00
Everton,16453098,Aston Villa,https://www.bbc.com/sport/football/16453098,2012-01-14T15:00:00+00:00
Fulham,16453364,Blackburn Rovers,https://www.bbc.com/sport/football/16453364,2012-01-14T15:00:00+00:00
Sunderland,16453245,Chelsea,https://www.bbc.com/sport/football/16453245,2012-01-14T15:00:00+00:00
Stoke City,16453315,Liverpool,https://www.bbc.com/sport/football/16453315,2012-01-14T15:00:00+00:00
Bolton Wanderers,16453161,Manchester United,https://www.bbc.com/sport/football/16453161,2012-01-14T15:00:00+00:00
Wolverhampton Wanderers,16453483,Tottenham Hotspur,https://www.bbc.com/sport/football/16453483,2012-01-14T15:00:00+00:00
Norwich City,16453413,West Bromwich Albion,https://www.bbc.com/sport/football/16453413,2012-01-14T15:00:00+00:00
Manchester City,16464615,Wigan Athletic,https://www.bbc.com/sport/football/16464615,2012-01-16T20:00:00+00:00
Bolton Wanderers,16343401,Everton,https://www.bbc.com/sport/football/16343401,2012-01-04T20:00:00+00:00
Manchester United,16343415,Newcastle United,https://www.bbc.com/sport/football/16343415,2012-01-04T20:00:00+00:00
Chelsea,16559646,Norwich City,https://www.bbc.com/sport/football/16559646,2012-01-21T12:45:00+00:00
Blackburn Rovers,16559898,Everton,https://www.bbc.com/sport/football/16559898,2012-01-21T15:00:00+00:00
Newcastle United,16559649,Fulham,https://www.bbc.com/sport/football/16559649,2012-01-21T15:00:00+00:00
Wigan Athletic,16559527,Queens Park Rangers,https://www.bbc.com/sport/football/16559527,2012-01-21T15:00:00+00:00
West Bromwich Albion,16559793,Stoke City,https://www.bbc.com/sport/football/16559793,2012-01-21T15:00:00+00:00
Swansea City,16559695,Sunderland,https://www.bbc.com/sport/football/16559695,2012-01-21T15:00:00+00:00
Aston Villa,16559310,Wolverhampton Wanderers,https://www.bbc.com/sport/football/16559310,2012-01-21T15:00:00+00:00
Liverpool,16559548,Bolton Wanderers,https://www.bbc.com/sport/football/16559548,2012-01-21T17:30:00+00:00
Everton,16328565,West Bromwich Albion,https://www.bbc.com/sport/football/16328565,2012-01-01T12:30:00+00:00
Manchester City,16328586,Sunderland,https://www.bbc.com/sport/football/16328586,2012-01-01T15:00:00+00:00
Chelsea,16695854,Swansea City,https://www.bbc.com/sport/football/16695854,2012-01-31T19:45:00+00:00
Wigan Athletic,16695945,Tottenham Hotspur,https://www.bbc.com/sport/football/16695945,2012-01-31T19:45:00+00:00
Liverpool,16695917,Wolverhampton Wanderers,https://www.bbc.com/sport/football/16695917,2012-01-31T19:45:00+00:00
Manchester City,16695861,Everton,https://www.bbc.com/sport/football/16695861,2012-01-31T20:00:00+00:00
Stoke City,16695910,Manchester United,https://www.bbc.com/sport/football/16695910,2012-01-31T20:00:00+00:00
Everton,16405895,Tottenham Hotspur,https://www.bbc.com/sport/football/16405895,2012-01-11T19:45:00+00:00
Tottenham Hotspur,16565416,Manchester City,https://www.bbc.com/sport/football/16565416,2012-01-22T13:30:00+00:00
Manchester United,16565409,Arsenal,https://www.bbc.com/sport/football/16565409,2012-01-22T16:00:00+00:00
Queens Park Rangers,16459089,Newcastle United,https://www.bbc.com/sport/football/16459089,2012-01-15T13:30:00+00:00
Arsenal,16459110,Swansea City,https://www.bbc.com/sport/football/16459110,2012-01-15T16:00:00+00:00
Sunderland,17349103,Blackburn Rovers,https://www.bbc.com/sport/football/17349103,2012-03-20T20:00:00+00:00
Swansea City,17323829,Fulham,https://www.bbc.com/sport/football/17323829,2012-03-17T15:00:00+00:00
West Bromwich Albion,17323673,Wigan Athletic,https://www.bbc.com/sport/football/17323673,2012-03-17T15:00:00+00:00
Manchester United,17330272,Wolverhampton Wanderers,https://www.bbc.com/sport/football/17330272,2012-03-18T13:30:00+00:00
Norwich City,17330232,Newcastle United,https://www.bbc.com/sport/football/17330232,2012-03-18T16:00:00+00:00
Everton,17268066,Liverpool,https://www.bbc.com/sport/football/17268066,2012-03-13T20:00:00+00:00
Queens Park Rangers,17243629,Bolton Wanderers,https://www.bbc.com/sport/football/17243629,2012-03-10T12:45:00+00:00
Fulham,17243649,Aston Villa,https://www.bbc.com/sport/football/17243649,2012-03-10T15:00:00+00:00
Stoke City,17243447,Chelsea,https://www.bbc.com/sport/football/17243447,2012-03-10T15:00:00+00:00
Liverpool,17243482,Sunderland,https://www.bbc.com/sport/football/17243482,2012-03-10T15:00:00+00:00
Blackburn Rovers,17243719,Wolverhampton Wanderers,https://www.bbc.com/sport/football/17243719,2012-03-10T15:00:00+00:00
Tottenham Hotspur,17243496,Everton,https://www.bbc.com/sport/football/17243496,2012-03-10T17:30:00+00:00
Arsenal,17163155,Liverpool,https://www.bbc.com/sport/football/17163155,2012-03-03T12:45:00+00:00
Aston Villa,17163092,Blackburn Rovers,https://www.bbc.com/sport/football/17163092,2012-03-03T15:00:00+00:00
Bolton Wanderers,17163050,Manchester City,https://www.bbc.com/sport/football/17163050,2012-03-03T15:00:00+00:00
Everton,17163218,Queens Park Rangers,https://www.bbc.com/sport/football/17163218,2012-03-03T15:00:00+00:00
Norwich City,17162889,Stoke City,https://www.bbc.com/sport/football/17162889,2012-03-03T15:00:00+00:00
Chelsea,17163246,West Bromwich Albion,https://www.bbc.com/sport/football/17163246,2012-03-03T15:00:00+00:00
Swansea City,17163006,Wigan Athletic,https://www.bbc.com/sport/football/17163006,2012-03-03T15:00:00+00:00
West Bromwich Albion,17249251,Manchester United,https://www.bbc.com/sport/football/17249251,2012-03-11T14:00:00+00:00
Manchester City,17249294,Swansea City,https://www.bbc.com/sport/football/17249294,2012-03-11T14:00:00+00:00
Wigan Athletic,17249281,Norwich City,https://www.bbc.com/sport/football/17249281,2012-03-11T16:00:00+00:00
Tottenham Hotspur,17412539,Chelsea,https://www.bbc.com/sport/football/17412539,2012-03-24T12:45:00+00:00
Aston Villa,17412098,Arsenal,https://www.bbc.com/sport/football/17412098,2012-03-24T15:00:00+00:00
Blackburn Rovers,17412469,Bolton Wanderers,https://www.bbc.com/sport/football/17412469,2012-03-24T15:00:00+00:00
Wigan Athletic,17412511,Liverpool,https://www.bbc.com/sport/football/17412511,2012-03-24T15:00:00+00:00
Wolverhampton Wanderers,17412301,Norwich City,https://www.bbc.com/sport/football/17412301,2012-03-24T15:00:00+00:00
Queens Park Rangers,17412343,Sunderland,https://www.bbc.com/sport/football/17412343,2012-03-24T15:00:00+00:00
Everton,17412364,Swansea City,https://www.bbc.com/sport/football/17412364,2012-03-24T15:00:00+00:00
Manchester City,17412553,Stoke City,https://www.bbc.com/sport/football/17412553,2012-03-24T17:30:00+00:00
Newcastle United,17419728,West Bromwich Albion,https://www.bbc.com/sport/football/17419728,2012-03-25T16:00:00+01:00
Chelsea,17497274,Aston Villa,https://www.bbc.com/sport/football/17497274,2012-03-31T15:00:00+01:00
West Bromwich Albion,17497218,Everton,https://www.bbc.com/sport/football/17497218,2012-03-31T15:00:00+01:00
Norwich City,17497309,Fulham,https://www.bbc.com/sport/football/17497309,2012-03-31T15:00:00+01:00
Sunderland,17497396,Manchester City,https://www.bbc.com/sport/football/17497396,2012-03-31T15:00:00+01:00
Arsenal,17497445,Queens Park Rangers,https://www.bbc.com/sport/football/17497445,2012-03-31T15:00:00+01:00
Stoke City,17497473,Wigan Athletic,https://www.bbc.com/sport/football/17497473,2012-03-31T15:00:00+01:00
Bolton Wanderers,17497418,Wolverhampton Wanderers,https://www.bbc.com/sport/football/17497418,2012-03-31T15:00:00+01:00
Fulham,17425659,Manchester United,https://www.bbc.com/sport/football/17425659,2012-03-26T20:00:00+01:00
Newcastle United,17254808,Arsenal,https://www.bbc.com/sport/football/17254808,2012-03-12T20:00:00+00:00
Chelsea,17363120,Manchester City,https://www.bbc.com/sport/football/17363120,2012-03-21T19:45:00+00:00
Stoke City,17363161,Tottenham Hotspur,https://www.bbc.com/sport/football/17363161,2012-03-21T19:45:00+00:00
Arsenal,17363141,Everton,https://www.bbc.com/sport/football/17363141,2012-03-21T20:00:00+00:00
Liverpool,17363134,Queens Park Rangers,https://www.bbc.com/sport/football/17363134,2012-03-21T20:00:00+00:00
Sunderland,17175791,Newcastle United,https://www.bbc.com/sport/football/17175791,2012-03-04T12:00:00+00:00
Wolverhampton Wanderers,17175770,Fulham,https://www.bbc.com/sport/football/17175770,2012-03-04T14:05:00+00:00
Manchester United,17175777,Tottenham Hotspur,https://www.bbc.com/sport/football/17175777,2012-03-04T16:10:00+00:00
Manchester City,17885333,Newcastle United,https://www.bbc.com/sport/football/17885333,2012-05-06T13:30:00+01:00
Tottenham Hotspur,17885326,Aston Villa,https://www.bbc.com/sport/football/17885326,2012-05-06T14:00:00+01:00
West Bromwich Albion,17885242,Bolton Wanderers,https://www.bbc.com/sport/football/17885242,2012-05-06T14:00:00+01:00
Sunderland,17885305,Fulham,https://www.bbc.com/sport/football/17885305,2012-05-06T14:00:00+01:00
Stoke City,17885319,Queens Park Rangers,https://www.bbc.com/sport/football/17885319,2012-05-06T14:00:00+01:00
Everton,17885256,Wolverhampton Wanderers,https://www.bbc.com/sport/football/17885256,2012-05-06T14:00:00+01:00
Swansea City,17885312,Manchester United,https://www.bbc.com/sport/football/17885312,2012-05-06T16:00:00+01:00
Norwich City,17878309,Arsenal,https://www.bbc.com/sport/football/17878309,2012-05-05T12:45:00+01:00
Fulham,17821974,Liverpool,https://www.bbc.com/sport/football/17821974,2012-05-01T19:45:00+01:00
Everton,17821967,Stoke City,https://www.bbc.com/sport/football/17821967,2012-05-01T19:45:00+01:00
Chelsea,17904221,Liverpool,https://www.bbc.com/sport/football/17904221,2012-05-08T20:00:00+01:00
Blackburn Rovers,17973169,Chelsea,https://www.bbc.com/sport/football/17973169,2012-05-13T15:00:00+01:00
Newcastle United,17973113,Everton,https://www.bbc.com/sport/football/17973113,2012-05-13T15:00:00+01:00
Queens Park Rangers,17973148,Manchester City,https://www.bbc.com/sport/football/17973148,2012-05-13T15:00:00+01:00
Aston Villa,17973120,Norwich City,https://www.bbc.com/sport/football/17973120,2012-05-13T15:00:00+01:00
Bolton Wanderers,17973085,Stoke City,https://www.bbc.com/sport/football/17973085,2012-05-13T15:00:00+01:00
Manchester United,17973162,Sunderland,https://www.bbc.com/sport/football/17973162,2012-05-13T15:00:00+01:00
Liverpool,17973155,Swansea City,https://www.bbc.com/sport/football/17973155,2012-05-13T15:00:00+01:00
Fulham,17973106,Tottenham Hotspur,https://www.bbc.com/sport/football/17973106,2012-05-13T15:00:00+01:00
Arsenal,17973141,West Bromwich Albion,https://www.bbc.com/sport/football/17973141,2012-05-13T15:00:00+01:00
Wolverhampton Wanderers,17973127,Wigan Athletic,https://www.bbc.com/sport/football/17973127,2012-05-13T15:00:00+01:00
Wigan Athletic,17890899,Blackburn Rovers,https://www.bbc.com/sport/football/17890899,2012-05-07T20:00:00+01:00
Newcastle United,17836021,Chelsea,https://www.bbc.com/sport/football/17836021,2012-05-02T19:45:00+01:00
Tottenham Hotspur,17836014,Bolton Wanderers,https://www.bbc.com/sport/football/17836014,2012-05-02T20:00:00+01:00
Reading,19279583,Chelsea,https://www.bbc.com/sport/football/19279583,2012-08-22T19:45:00+01:00
Arsenal,19310426,Stoke City,https://www.bbc.com/sport/football/19310426,2012-08-26T13:30:00+01:00
Manchester City,19310450,Liverpool,https://www.bbc.com/sport/football/19310450,2012-08-26T16:00:00+01:00
Manchester United,19240566,Everton,https://www.bbc.com/sport/football/19240566,2012-08-20T20:00:00+01:00
West Ham United,19304610,Swansea City,https://www.bbc.com/sport/football/19304610,2012-08-25T12:45:00+01:00
Everton,19304226,Aston Villa,https://www.bbc.com/sport/football/19304226,2012-08-25T15:00:00+01:00
Fulham,19304316,Manchester United,https://www.bbc.com/sport/football/19304316,2012-08-25T15:00:00+01:00
Queens Park Rangers,19304497,Norwich City,https://www.bbc.com/sport/football/19304497,2012-08-25T15:00:00+01:00
Wigan Athletic,19304275,Southampton,https://www.bbc.com/sport/football/19304275,2012-08-25T15:00:00+01:00
West Bromwich Albion,19304163,Tottenham Hotspur,https://www.bbc.com/sport/football/19304163,2012-08-25T15:00:00+01:00
Newcastle United,19304403,Chelsea,https://www.bbc.com/sport/football/19304403,2012-08-25T17:30:00+01:00
Sunderland,19221271,Arsenal,https://www.bbc.com/sport/football/19221271,2012-08-18T15:00:00+01:00
Norwich City,19221586,Fulham,https://www.bbc.com/sport/football/19221586,2012-08-18T15:00:00+01:00
Swansea City,19221292,Queens Park Rangers,https://www.bbc.com/sport/football/19221292,2012-08-18T15:00:00+01:00
Stoke City,19221348,Reading,https://www.bbc.com/sport/football/19221348,2012-08-18T15:00:00+01:00
Liverpool,19221306,West Bromwich Albion,https://www.bbc.com/sport/football/19221306,2012-08-18T15:00:00+01:00
Aston Villa,19221467,West Ham United,https://www.bbc.com/sport/football/19221467,2012-08-18T15:00:00+01:00
Tottenham Hotspur,19221418,Newcastle United,https://www.bbc.com/sport/football/19221418,2012-08-18T17:30:00+01:00
Chelsea,19231340,Wigan Athletic,https://www.bbc.com/sport/football/19231340,2012-08-19T13:30:00+01:00
Southampton,19231354,Manchester City,https://www.bbc.com/sport/football/19231354,2012-08-19T16:00:00+01:00
Chelsea,19939634,Tottenham Hotspur,https://www.bbc.com/sport/football/19939634,2012-10-20T12:45:00+01:00
Aston Villa,19939564,Fulham,https://www.bbc.com/sport/football/19939564,2012-10-20T15:00:00+01:00
Reading,19939536,Liverpool,https://www.bbc.com/sport/football/19939536,2012-10-20T15:00:00+01:00
Stoke City,19939725,Manchester United,https://www.bbc.com/sport/football/19939725,2012-10-20T15:00:00+01:00
Wigan Athletic,19939451,Swansea City,https://www.bbc.com/sport/football/19939451,2012-10-20T15:00:00+01:00
Manchester City,19939465,West Bromwich Albion,https://www.bbc.com/sport/football/19939465,2012-10-20T15:00:00+01:00
Southampton,19939627,West Ham United,https://www.bbc.com/sport/football/19939627,2012-10-20T15:00:00+01:00
Arsenal,19939648,Norwich City,https://www.bbc.com/sport/football/19939648,2012-10-20T17:30:00+01:00
Fulham,19782523,Southampton,https://www.bbc.com/sport/football/19782523,2012-10-07T13:30:00+01:00
Stoke City,19776345,Liverpool,https://www.bbc.com/sport/football/19776345,2012-10-07T15:00:00+01:00
Aston Villa,19776296,Tottenham Hotspur,https://www.bbc.com/sport/football/19776296,2012-10-07T15:00:00+01:00
Manchester United,19782537,Newcastle United,https://www.bbc.com/sport/football/19782537,2012-10-07T16:00:00+01:00
Newcastle United,19939557,Sunderland,https://www.bbc.com/sport/football/19939557,2012-10-21T13:30:00+01:00
Everton,19939683,Queens Park Rangers,https://www.bbc.com/sport/football/19939683,2012-10-21T16:00:00+01:00
Sunderland,19768745,Manchester City,https://www.bbc.com/sport/football/19768745,2012-10-06T12:45:00+01:00
Norwich City,19776324,Chelsea,https://www.bbc.com/sport/football/19776324,2012-10-06T15:00:00+01:00
Reading,19768955,Swansea City,https://www.bbc.com/sport/football/19768955,2012-10-06T15:00:00+01:00
Queens Park Rangers,19776317,West Bromwich Albion,https://www.bbc.com/sport/football/19776317,2012-10-06T15:00:00+01:00
Everton,19768864,Wigan Athletic,https://www.bbc.com/sport/football/19768864,2012-10-06T15:00:00+01:00
Arsenal,19768703,West Ham United,https://www.bbc.com/sport/football/19768703,2012-10-06T17:30:00+01:00
Norwich City,20014232,Aston Villa,https://www.bbc.com/sport/football/20014232,2012-10-27T12:45:00+01:00
Queens Park Rangers,20014281,Arsenal,https://www.bbc.com/sport/football/20014281,2012-10-27T15:00:00+01:00
Fulham,20014386,Reading,https://www.bbc.com/sport/football/20014386,2012-10-27T15:00:00+01:00
Sunderland,20014246,Stoke City,https://www.bbc.com/sport/football/20014246,2012-10-27T15:00:00+01:00
West Ham United,20014218,Wigan Athletic,https://www.bbc.com/sport/football/20014218,2012-10-27T15:00:00+01:00
Swansea City,20014302,Manchester City,https://www.bbc.com/sport/football/20014302,2012-10-27T17:30:00+01:00
West Ham United,19697353,Queens Park Rangers,https://www.bbc.com/sport/football/19697353,2012-10-01T20:00:00+01:00
Liverpool,20020076,Everton,https://www.bbc.com/sport/football/20020076,2012-10-28T13:30:00+00:00
West Bromwich Albion,20020069,Newcastle United,https://www.bbc.com/sport/football/20020069,2012-10-28T15:00:00+00:00
Tottenham Hotspur,20020083,Southampton,https://www.bbc.com/sport/football/20020083,2012-10-28T15:00:00+00:00
Manchester United,20020062,Chelsea,https://www.bbc.com/sport/football/20020062,2012-10-28T16:00:00+00:00
Manchester United,20571835,Manchester City,https://www.bbc.com/sport/football/20571835,2012-12-09T13:30:00+00:00
Tottenham Hotspur,20571828,Everton,https://www.bbc.com/sport/football/20571828,2012-12-09T15:00:00+00:00
Liverpool,20571807,West Ham United,https://www.bbc.com/sport/football/20571807,2012-12-09T16:00:00+00:00
West Bromwich Albion,20564961,Arsenal,https://www.bbc.com/sport/football/20564961,2012-12-08T15:00:00+00:00
Stoke City,20564749,Aston Villa,https://www.bbc.com/sport/football/20564749,2012-12-08T15:00:00+00:00
Reading,20564808,Southampton,https://www.bbc.com/sport/football/20564808,2012-12-08T15:00:00+00:00
Chelsea,20564679,Sunderland,https://www.bbc.com/sport/football/20564679,2012-12-08T15:00:00+00:00
Norwich City,20564616,Swansea City,https://www.bbc.com/sport/football/20564616,2012-12-08T15:00:00+00:00
Queens Park Rangers,20565003,Wigan Athletic,https://www.bbc.com/sport/football/20565003,2012-12-08T15:00:00+00:00
Tottenham Hotspur,20822942,Sunderland,https://www.bbc.com/sport/football/20822942,2012-12-29T12:45:00+00:00
Wigan Athletic,20823064,Aston Villa,https://www.bbc.com/sport/football/20823064,2012-12-29T15:00:00+00:00
Swansea City,20823036,Fulham,https://www.bbc.com/sport/football/20823036,2012-12-29T15:00:00+00:00
West Bromwich Albion,20823057,Manchester United,https://www.bbc.com/sport/football/20823057,2012-12-29T15:00:00+00:00
Manchester City,20823176,Norwich City,https://www.bbc.com/sport/football/20823176,2012-12-29T15:00:00+00:00
West Ham United,20823239,Reading,https://www.bbc.com/sport/football/20823239,2012-12-29T15:00:00+00:00
Southampton,20823022,Stoke City,https://www.bbc.com/sport/football/20823022,2012-12-29T15:00:00+00:00
Newcastle United,20823197,Arsenal,https://www.bbc.com/sport/football/20823197,2012-12-29T17:30:00+00:00
Reading,20590519,Sunderland,https://www.bbc.com/sport/football/20590519,2012-12-11T19:45:00+00:00
Wigan Athletic,20491428,Newcastle United,https://www.bbc.com/sport/football/20491428,2012-12-03T20:00:00+00:00
Arsenal,20662098,Reading,https://www.bbc.com/sport/football/20662098,2012-12-17T20:00:00+00:00
Manchester United,20745829,Swansea City,https://www.bbc.com/sport/football/20745829,2012-12-23T13:30:00+00:00
Aston Villa,20745787,Chelsea,https://www.bbc.com/sport/football/20745787,2012-12-23T16:00:00+00:00
Newcastle United,20576791,Fulham,https://www.bbc.com/sport/football/20576791,2012-12-10T20:00:00+00:00
Arsenal,20738364,Wigan Athletic,https://www.bbc.com/sport/football/20738364,2012-12-22T12:45:00+00:00
Reading,20738298,Manchester City,https://www.bbc.com/sport/football/20738298,2012-12-22T15:00:00+00:00
Queens Park Rangers,20738242,Newcastle United,https://www.bbc.com/sport/football/20738242,2012-12-22T15:00:00+00:00
Sunderland,20738525,Southampton,https://www.bbc.com/sport/football/20738525,2012-12-22T15:00:00+00:00
Stoke City,20738427,Tottenham Hotspur,https://www.bbc.com/sport/football/20738427,2012-12-22T15:00:00+00:00
Norwich City,20738350,West Bromwich Albion,https://www.bbc.com/sport/football/20738350,2012-12-22T15:00:00+00:00
Everton,20738511,West Ham United,https://www.bbc.com/sport/football/20738511,2012-12-22T15:00:00+00:00
Fulham,20738392,Liverpool,https://www.bbc.com/sport/football/20738392,2012-12-22T17:30:00+00:00
Wigan Athletic,20779045,Everton,https://www.bbc.com/sport/football/20779045,2012-12-26T15:00:00+00:00
Southampton,20778940,Fulham,https://www.bbc.com/sport/football/20778940,2012-12-26T15:00:00+00:00
Newcastle United,20779136,Manchester United,https://www.bbc.com/sport/football/20779136,2012-12-26T15:00:00+00:00
Chelsea,20779143,Norwich City,https://www.bbc.com/sport/football/20779143,2012-12-26T15:00:00+00:00
West Bromwich Albion,20779094,Queens Park Rangers,https://www.bbc.com/sport/football/20779094,2012-12-26T15:00:00+00:00
Swansea City,20779150,Reading,https://www.bbc.com/sport/football/20779150,2012-12-26T15:00:00+00:00
Manchester City,20778863,Sunderland,https://www.bbc.com/sport/football/20778863,2012-12-26T15:00:00+00:00
Tottenham Hotspur,20779178,Aston Villa,https://www.bbc.com/sport/football/20779178,2012-12-26T17:30:00+00:00
Liverpool,20778968,Stoke City,https://www.bbc.com/sport/football/20778968,2012-12-26T19:45:00+00:00
Manchester City,20650218,Newcastle United,https://www.bbc.com/sport/football/20650218,2012-12-15T12:45:00+00:00
Aston Villa,20650106,Liverpool,https://www.bbc.com/sport/football/20650106,2012-12-15T15:00:00+00:00
Sunderland,20650239,Manchester United,https://www.bbc.com/sport/football/20650239,2012-12-15T15:00:00+00:00
Wigan Athletic,20650319,Norwich City,https://www.bbc.com/sport/football/20650319,2012-12-15T15:00:00+00:00
Fulham,20650099,Queens Park Rangers,https://www.bbc.com/sport/football/20650099,2012-12-15T15:00:00+00:00
Everton,20650225,Stoke City,https://www.bbc.com/sport/football/20650225,2012-12-15T15:00:00+00:00
Chelsea,20474474,West Ham United,https://www.bbc.com/sport/football/20474474,2012-12-01T12:45:00+00:00
Swansea City,20474718,Arsenal,https://www.bbc.com/sport/football/20474718,2012-12-01T15:00:00+00:00
Tottenham Hotspur,20474725,Fulham,https://www.bbc.com/sport/football/20474725,2012-12-01T15:00:00+00:00
Southampton,20474843,Liverpool,https://www.bbc.com/sport/football/20474843,2012-12-01T15:00:00+00:00
Everton,20474682,Manchester City,https://www.bbc.com/sport/football/20474682,2012-12-01T15:00:00+00:00
Aston Villa,20474486,Queens Park Rangers,https://www.bbc.com/sport/football/20474486,2012-12-01T15:00:00+00:00
Stoke City,20474626,West Bromwich Albion,https://www.bbc.com/sport/football/20474626,2012-12-01T15:00:00+00:00
Manchester United,20474791,Reading,https://www.bbc.com/sport/football/20474791,2012-12-01T17:30:00+00:00
Chelsea,20830257,Everton,https://www.bbc.com/sport/football/20830257,2012-12-30T13:30:00+00:00
Liverpool,20830243,Queens Park Rangers,https://www.bbc.com/sport/football/20830243,2012-12-30T16:00:00+00:00
Swansea City,20656733,Tottenham Hotspur,https://www.bbc.com/sport/football/20656733,2012-12-16T13:30:00+00:00
West Ham United,20656740,West Bromwich Albion,https://www.bbc.com/sport/football/20656740,2012-12-16T16:00:00+00:00
Sunderland,20483937,Norwich City,https://www.bbc.com/sport/football/20483937,2012-12-02T16:00:00+00:00
Fulham,,Liverpool,,2011-01-26T20:00:00+00:00
Manchester United,,West Bromwich Albion,,2011-01-01T12:45:00+00:00
Bolton Wanderers,,Liverpool,,2011-01-01T15:00:00+00:00
Blackpool,,Manchester City,,2011-01-01T15:00:00+00:00
Everton,,Stoke City,,2011-01-01T15:00:00+00:00
Blackburn Rovers,,Sunderland,,2011-01-01T15:00:00+00:00
Fulham,,Tottenham Hotspur,,2011-01-01T15:00:00+00:00
Wolverhampton Wanderers,,West Ham United,,2011-01-01T15:00:00+00:00
Arsenal,,Birmingham City,,2011-01-01T17:30:00+00:00
Blackburn Rovers,,Chelsea,,2011-01-15T15:00:00+00:00
Wolverhampton Wanderers,,Manchester City,,2011-01-15T15:00:00+00:00
Bolton Wanderers,,Stoke City,,2011-01-15T15:00:00+00:00
Blackpool,,West Bromwich Albion,,2011-01-15T15:00:00+00:00
Fulham,,Wigan Athletic,,2011-01-15T15:00:00+00:00
Arsenal,,West Ham United,,2011-01-15T17:30:00+00:00
Chelsea,,Bolton Wanderers,,2011-01-24T20:00:00+00:00
Manchester City,,Arsenal,,2011-01-05T19:45:00+00:00
Sunderland,,Aston Villa,,2011-01-05T19:45:00+00:00
West Ham United,,Newcastle United,,2011-01-05T19:45:00+00:00
Chelsea,,Wolverhampton Wanderers,,2011-01-05T19:45:00+00:00
Liverpool,,Blackburn Rovers,,2011-01-05T20:00:00+00:00
Wigan Athletic,,Bolton Wanderers,,2011-01-05T20:00:00+00:00
Tottenham Hotspur,,Everton,,2011-01-05T20:00:00+00:00
Aston Villa,,Chelsea,,2011-01-02T13:30:00+00:00
Newcastle United,,Wigan Athletic,,2011-01-02T16:00:00+00:00
Liverpool,,Wolverhampton Wanderers,,2011-01-22T12:45:00+00:00
Wigan Athletic,,Arsenal,,2011-01-22T15:00:00+00:00
Sunderland,,Blackpool,,2011-01-22T15:00:00+00:00
West Ham United,,Everton,,2011-01-22T15:00:00+00:00
Stoke City,,Fulham,,2011-01-22T15:00:00+00:00
Birmingham City,,Manchester United,,2011-01-22T15:00:00+00:00
Tottenham Hotspur,,Newcastle United,,2011-01-22T15:00:00+00:00
Manchester City,,Aston Villa,,2011-01-22T17:30:00+00:00
Aston Villa,,Birmingham City,,2011-01-16T12:00:00+00:00
Newcastle United,,Sunderland,,2011-01-16T12:00:00+00:00
Everton,,Liverpool,,2011-01-16T14:05:00+00:00
Manchester United,,Tottenham Hotspur,,2011-01-16T16:10:00+00:00
Liverpool,,Blackpool,,2011-01-12T20:00:00+00:00
Birmingham City,,Blackpool,,2011-01-04T20:00:00+00:00
West Bromwich Albion,,Fulham,,2011-01-04T20:00:00+00:00
Stoke City,,Manchester United,,2011-01-04T20:00:00+00:00
West Bromwich Albion,,Blackburn Rovers,,2011-01-23T16:00:00+00:00
Manchester United,,Blackpool,,2011-01-25T19:30:00+00:00
Aston Villa,,Wigan Athletic,,2011-01-25T19:45:00+00:00
West Bromwich Albion,,Birmingham City,,2011-03-05T12:45:00+00:00
Sunderland,,Arsenal,,2011-03-05T15:00:00+00:00
Aston Villa,,Bolton Wanderers,,2011-03-05T15:00:00+00:00
Blackburn Rovers,,Fulham,,2011-03-05T15:00:00+00:00
Everton,,Newcastle United,,2011-03-05T15:00:00+00:00
Stoke City,,West Ham United,,2011-03-05T15:00:00+00:00
Wigan Athletic,,Manchester City,,2011-03-05T17:30:00+00:00
Manchester United,,Liverpool,,2011-03-06T13:30:00+00:00
Tottenham Hotspur,,Wolverhampton Wanderers,,2011-03-06T16:00:00+00:00
Liverpool,,Sunderland,,2011-03-20T13:30:00+00:00
Manchester City,,Chelsea,,2011-03-20T16:00:00+00:00
Manchester United,,Chelsea,,2011-03-01T19:45:00+00:00
Chelsea,,Blackpool,,2011-03-07T20:00:00+00:00
West Ham United,,Tottenham Hotspur,,2011-03-19T12:45:00+00:00
Wolverhampton Wanderers,,Aston Villa,,2011-03-19T15:00:00+00:00
Blackpool,,Blackburn Rovers,,2011-03-19T15:00:00+00:00
Bolton Wanderers,,Manchester United,,2011-03-19T15:00:00+00:00
Newcastle United,,Stoke City,,2011-03-19T15:00:00+00:00
Arsenal,,West Bromwich Albion,,2011-03-19T15:00:00+00:00
Birmingham City,,Wigan Athletic,,2011-03-19T15:00:00+00:00
Fulham,,Everton,,2011-03-19T17:30:00+00:00
Birmingham City,,Everton,,2011-03-09T20:00:00+00:00
Manchester United,,Blackburn Rovers,,2011-05-14T12:45:00+01:00
Bolton Wanderers,,Blackpool,,2011-05-14T12:45:00+01:00
Wolverhampton Wanderers,,Sunderland,,2011-05-14T12:45:00+01:00
Everton,,West Bromwich Albion,,2011-05-14T12:45:00+01:00
Wigan Athletic,,Aston Villa,,2011-05-07T15:00:00+01:00
Sunderland,,Bolton Wanderers,,2011-05-07T15:00:00+01:00
Manchester City,,Everton,,2011-05-07T15:00:00+01:00
Birmingham City,,Newcastle United,,2011-05-07T15:00:00+01:00
Blackburn Rovers,,West Ham United,,2011-05-07T15:00:00+01:00
Blackpool,,Tottenham Hotspur,,2011-05-07T17:30:00+01:00
Newcastle United,,Chelsea,,2011-05-15T13:30:00+01:00
Aston Villa,,Arsenal,,2011-05-15T16:00:00+01:00
Fulham,,Birmingham City,,2011-05-15T16:00:00+01:00
Tottenham Hotspur,,Liverpool,,2011-05-15T16:00:00+01:00
West Ham United,,Wigan Athletic,,2011-05-15T16:00:00+01:00
West Bromwich Albion,,Wolverhampton Wanderers,,2011-05-08T12:00:00+01:00
Arsenal,,Stoke City,,2011-05-08T14:05:00+01:00
Chelsea,,Manchester United,,2011-05-08T16:10:00+01:00
Tottenham Hotspur,,Manchester City,,2011-05-10T19:45:00+01:00
Liverpool,,Fulham,,2011-05-09T20:00:00+01:00
Wolverhampton Wanderers,,Birmingham City,,2011-05-01T12:00:00+01:00
Newcastle United,,Liverpool,,2011-05-01T12:00:00+01:00
Manchester United,,Arsenal,,2011-05-01T14:05:00+01:00
West Ham United,,Manchester City,,2011-05-01T16:10:00+01:00
Stoke City,,Manchester City,,2011-05-17T19:45:00+01:00
Liverpool,,Aston Villa,,2011-05-22T16:00:00+01:00
Manchester City,,Bolton Wanderers,,2011-05-22T16:00:00+01:00
Chelsea,,Everton,,2011-05-22T16:00:00+01:00
Arsenal,,Fulham,,2011-05-22T16:00:00+01:00
Blackpool,,Manchester United,,2011-05-22T16:00:00+01:00
West Bromwich Albion,,Newcastle United,,2011-05-22T16:00:00+01:00
Wigan Athletic,,Stoke City,,2011-05-22T16:00:00+01:00
Birmingham City,,Tottenham Hotspur,,2011-05-22T16:00:00+01:00
Sunderland,,West Ham United,,2011-05-22T16:00:00+01:00
Blackburn Rovers,,Wolverhampton Wanderers,,2011-05-22T16:00:00+01:00
Tottenham Hotspur,14539056,Manchester United,https://www.bbc.com/sport/football/14539056,2011-08-22T20:00:00+01:00
Wolverhampton Wanderers,14429636,Blackburn Rovers,https://www.bbc.com/sport/football/14429636,2011-08-13T15:00:00+01:00
Aston Villa,14429736,Fulham,https://www.bbc.com/sport/football/14429736,2011-08-13T15:00:00+01:00
Sunderland,14429790,Liverpool,https://www.bbc.com/sport/football/14429790,2011-08-13T15:00:00+01:00
Bolton Wanderers,14429802,Queens Park Rangers,https://www.bbc.com/sport/football/14429802,2011-08-13T15:00:00+01:00
Norwich City,14429588,Wigan Athletic,https://www.bbc.com/sport/football/14429588,2011-08-13T15:00:00+01:00
Arsenal,14429552,Newcastle United,https://www.bbc.com/sport/football/14429552,2011-08-13T17:30:00+01:00
Chelsea,14435069,Stoke City,https://www.bbc.com/sport/football/14435069,2011-08-14T13:30:00+01:00
Manchester United,14435075,West Bromwich Albion,https://www.bbc.com/sport/football/14435075,2011-08-14T16:00:00+01:00
Fulham,14606026,Newcastle United,https://www.bbc.com/sport/football/14606026,2011-08-28T13:00:00+01:00
Manchester City,14606056,Tottenham Hotspur,https://www.bbc.com/sport/football/14606056,2011-08-28T13:30:00+01:00
Stoke City,14606062,West Bromwich Albion,https://www.bbc.com/sport/football/14606062,2011-08-28T15:00:00+01:00
Arsenal,14606020,Manchester United,https://www.bbc.com/sport/football/14606020,2011-08-28T16:00:00+01:00
Stoke City,14520268,Norwich City,https://www.bbc.com/sport/football/14520268,2011-08-21T13:30:00+01:00
Fulham,14520311,Wolverhampton Wanderers,https://www.bbc.com/sport/football/14520311,2011-08-21T14:00:00+01:00
Manchester City,14520274,Bolton Wanderers,https://www.bbc.com/sport/football/14520274,2011-08-21T16:00:00+01:00
Newcastle United,14514549,Sunderland,https://www.bbc.com/sport/football/14514549,2011-08-20T12:00:00+01:00
Liverpool,14514681,Arsenal,https://www.bbc.com/sport/football/14514681,2011-08-20T12:45:00+01:00
Blackburn Rovers,14514645,Aston Villa,https://www.bbc.com/sport/football/14514645,2011-08-20T15:00:00+01:00
Queens Park Rangers,14514555,Everton,https://www.bbc.com/sport/football/14514555,2011-08-20T15:00:00+01:00
Wigan Athletic,14514711,Swansea City,https://www.bbc.com/sport/football/14514711,2011-08-20T15:00:00+01:00
West Bromwich Albion,14514579,Chelsea,https://www.bbc.com/sport/football/14514579,2011-08-20T17:30:00+01:00
Wolverhampton Wanderers,14600545,Aston Villa,https://www.bbc.com/sport/football/14600545,2011-08-27T12:05:00+01:00
Queens Park Rangers,14600485,Wigan Athletic,https://www.bbc.com/sport/football/14600485,2011-08-27T12:30:00+01:00
Everton,14600659,Blackburn Rovers,https://www.bbc.com/sport/football/14600659,2011-08-27T15:00:00+01:00
Norwich City,14600575,Chelsea,https://www.bbc.com/sport/football/14600575,2011-08-27T15:00:00+01:00
Sunderland,14600437,Swansea City,https://www.bbc.com/sport/football/14600437,2011-08-27T15:00:00+01:00
Bolton Wanderers,14600539,Liverpool,https://www.bbc.com/sport/football/14600539,2011-08-27T17:30:00+01:00
Swansea City,14440546,Manchester City,https://www.bbc.com/sport/football/14440546,2011-08-15T20:00:00+01:00
Newcastle United,15425921,Stoke City,https://www.bbc.com/sport/football/15425921,2011-10-31T20:00:00+00:00
Chelsea,15051291,Bolton Wanderers,https://www.bbc.com/sport/football/15051291,2011-10-02T13:30:00+01:00
Queens Park Rangers,15051267,Fulham,https://www.bbc.com/sport/football/15051267,2011-10-02T15:00:00+01:00
Stoke City,15051279,Swansea City,https://www.bbc.com/sport/football/15051279,2011-10-02T15:00:00+01:00
Arsenal,15051273,Tottenham Hotspur,https://www.bbc.com/sport/football/15051273,2011-10-02T16:00:00+01:00
Wolverhampton Wanderers,15231228,West Bromwich Albion,https://www.bbc.com/sport/football/15231228,2011-10-16T12:00:00+01:00
Sunderland,15231242,Arsenal,https://www.bbc.com/sport/football/15231242,2011-10-16T13:30:00+01:00
Tottenham Hotspur,15231214,Newcastle United,https://www.bbc.com/sport/football/15231214,2011-10-16T16:00:00+01:00
Manchester United,15413579,Everton,https://www.bbc.com/sport/football/15413579,2011-10-29T12:00:00+01:00
Arsenal,15413593,Chelsea,https://www.bbc.com/sport/football/15413593,2011-10-29T12:45:00+01:00
Wolverhampton Wanderers,15413453,Manchester City,https://www.bbc.com/sport/football/15413453,2011-10-29T15:00:00+01:00
Blackburn Rovers,15413656,Norwich City,https://www.bbc.com/sport/football/15413656,2011-10-29T15:00:00+01:00
Aston Villa,15413502,Sunderland,https://www.bbc.com/sport/football/15413502,2011-10-29T15:00:00+01:00
Bolton Wanderers,15413523,Swansea City,https://www.bbc.com/sport/football/15413523,2011-10-29T15:00:00+01:00
Fulham,15413397,Wigan Athletic,https://www.bbc.com/sport/football/15413397,2011-10-29T15:00:00+01:00
Liverpool,15413663,West Bromwich Albion,https://www.bbc.com/sport/football/15413663,2011-10-29T17:30:00+01:00
Liverpool,15045708,Everton,https://www.bbc.com/sport/football/15045708,2011-10-01T12:45:00+01:00
Wigan Athletic,15045618,Aston Villa,https://www.bbc.com/sport/football/15045618,2011-10-01T15:00:00+01:00
Manchester City,15045624,Blackburn Rovers,https://www.bbc.com/sport/football/15045624,2011-10-01T15:00:00+01:00
Norwich City,15045317,Manchester United,https://www.bbc.com/sport/football/15045317,2011-10-01T15:00:00+01:00
West Bromwich Albion,15045630,Sunderland,https://www.bbc.com/sport/football/15045630,2011-10-01T15:00:00+01:00
Newcastle United,15045306,Wolverhampton Wanderers,https://www.bbc.com/sport/football/15045306,2011-10-01T15:00:00+01:00
Manchester United,15225853,Liverpool,https://www.bbc.com/sport/football/15225853,2011-10-15T12:45:00+01:00
Aston Villa,15225816,Manchester City,https://www.bbc.com/sport/football/15225816,2011-10-15T15:00:00+01:00
Swansea City,15226113,Norwich City,https://www.bbc.com/sport/football/15226113,2011-10-15T15:00:00+01:00
Blackburn Rovers,15225797,Queens Park Rangers,https://www.bbc.com/sport/football/15225797,2011-10-15T15:00:00+01:00
Fulham,15226162,Stoke City,https://www.bbc.com/sport/football/15226162,2011-10-15T15:00:00+01:00
Bolton Wanderers,15226200,Wigan Athletic,https://www.bbc.com/sport/football/15226200,2011-10-15T15:00:00+01:00
Everton,15226120,Chelsea,https://www.bbc.com/sport/football/15226120,2011-10-15T17:30:00+01:00
Swansea City,15319478,Wolverhampton Wanderers,https://www.bbc.com/sport/football/15319478,2011-10-22T12:45:00+01:00
West Bromwich Albion,15319417,Aston Villa,https://www.bbc.com/sport/football/15319417,2011-10-22T15:00:00+01:00
Sunderland,15319551,Bolton Wanderers,https://www.bbc.com/sport/football/15319551,2011-10-22T15:00:00+01:00
Wigan Athletic,15319389,Newcastle United,https://www.bbc.com/sport/football/15319389,2011-10-22T15:00:00+01:00
Norwich City,15319431,Liverpool,https://www.bbc.com/sport/football/15319431,2011-10-22T17:30:00+01:00
Queens Park Rangers,15419853,Tottenham Hotspur,https://www.bbc.com/sport/football/15419853,2011-10-30T16:00:00+00:00
Stoke City,15325515,Arsenal,https://www.bbc.com/sport/football/15325515,2011-10-23T13:30:00+01:00
Everton,15325501,Fulham,https://www.bbc.com/sport/football/15325501,2011-10-23T13:30:00+01:00
Manchester City,15325536,Manchester United,https://www.bbc.com/sport/football/15325536,2011-10-23T13:30:00+01:00
Tottenham Hotspur,15325543,Blackburn Rovers,https://www.bbc.com/sport/football/15325543,2011-10-23T15:00:00+01:00
Chelsea,15325522,Queens Park Rangers,https://www.bbc.com/sport/football/15325522,2011-10-23T16:00:00+01:00
Blackburn Rovers,16021619,Sunderland,https://www.bbc.com/sport/football/16021619,2011-12-11T13:30:00+00:00
Tottenham Hotspur,16021626,Stoke City,https://www.bbc.com/sport/football/16021626,2011-12-11T16:00:00+00:00
West Bromwich Albion,16124142,Blackburn Rovers,https://www.bbc.com/sport/football/16124142,2011-12-17T15:00:00+00:00
Norwich City,16123897,Everton,https://www.bbc.com/sport/football/16123897,2011-12-17T15:00:00+00:00
Bolton Wanderers,16123956,Fulham,https://www.bbc.com/sport/football/16123956,2011-12-17T15:00:00+00:00
Swansea City,16124233,Newcastle United,https://www.bbc.com/sport/football/16124233,2011-12-17T15:00:00+00:00
Stoke City,16123862,Wolverhampton Wanderers,https://www.bbc.com/sport/football/16123862,2011-12-17T15:00:00+00:00
Chelsea,16124079,Wigan Athletic,https://www.bbc.com/sport/football/16124079,2011-12-17T17:30:00+00:00
Newcastle United,16312601,Liverpool,https://www.bbc.com/sport/football/16312601,2011-12-30T19:45:00+00:00
Chelsea,15901588,Newcastle United,https://www.bbc.com/sport/football/15901588,2011-12-03T12:45:00+00:00
Swansea City,15901858,Blackburn Rovers,https://www.bbc.com/sport/football/15901858,2011-12-03T15:00:00+00:00
Norwich City,15901844,Manchester City,https://www.bbc.com/sport/football/15901844,2011-12-03T15:00:00+00:00
West Bromwich Albion,15901976,Queens Park Rangers,https://www.bbc.com/sport/football/15901976,2011-12-03T15:00:00+00:00
Bolton Wanderers,15901689,Tottenham Hotspur,https://www.bbc.com/sport/football/15901689,2011-12-03T15:00:00+00:00
Arsenal,15901915,Wigan Athletic,https://www.bbc.com/sport/football/15901915,2011-12-03T15:00:00+00:00
Manchester United,15901811,Aston Villa,https://www.bbc.com/sport/football/15901811,2011-12-03T17:30:00+00:00
Liverpool,15914767,Fulham,https://www.bbc.com/sport/football/15914767,2011-12-05T20:00:00+00:00
Blackburn Rovers,16324998,Manchester United,https://www.bbc.com/sport/football/16324998,2011-12-31T12:45:00+00:00
Queens Park Rangers,16324914,Arsenal,https://www.bbc.com/sport/football/16324914,2011-12-31T15:00:00+00:00
Wolverhampton Wanderers,16325117,Bolton Wanderers,https://www.bbc.com/sport/football/16325117,2011-12-31T15:00:00+00:00
Aston Villa,16324977,Chelsea,https://www.bbc.com/sport/football/16324977,2011-12-31T15:00:00+00:00
Fulham,16324858,Norwich City,https://www.bbc.com/sport/football/16324858,2011-12-31T15:00:00+00:00
Wigan Athletic,16325019,Stoke City,https://www.bbc.com/sport/football/16325019,2011-12-31T15:00:00+00:00
Tottenham Hotspur,16324753,Swansea City,https://www.bbc.com/sport/football/16324753,2011-12-31T15:00:00+00:00
Arsenal,16173216,Aston Villa,https://www.bbc.com/sport/football/16173216,2011-12-21T19:45:00+00:00
Stoke City,16173173,Manchester City,https://www.bbc.com/sport/football/16173173,2011-12-21T19:45:00+00:00
West Bromwich Albion,16173188,Newcastle United,https://www.bbc.com/sport/football/16173188,2011-12-21T19:45:00+00:00
Swansea City,16173159,Everton,https://www.bbc.com/sport/football/16173159,2011-12-21T20:00:00+00:00
Manchester United,16173202,Fulham,https://www.bbc.com/sport/football/16173202,2011-12-21T20:00:00+00:00
Sunderland,16173230,Queens Park Rangers,https://www.bbc.com/sport/football/16173230,2011-12-21T20:00:00+00:00
Liverpool,16173145,Wigan Athletic,https://www.bbc.com/sport/football/16173145,2011-12-21T20:00:00+00:00
Manchester United,16129427,Queens Park Rangers,https://www.bbc.com/sport/football/16129427,2011-12-18T12:00:00+00:00
Liverpool,16129434,Aston Villa,https://www.bbc.com/sport/football/16129434,2011-12-18T14:05:00+00:00
Sunderland,16129441,Tottenham Hotspur,https://www.bbc.com/sport/football/16129441,2011-12-18T15:00:00+00:00
Arsenal,16129455,Manchester City,https://www.bbc.com/sport/football/16129455,2011-12-18T16:10:00+00:00
Fulham,16240767,Chelsea,https://www.bbc.com/sport/football/16240767,2011-12-26T13:00:00+00:00
Newcastle United,16240438,Bolton Wanderers,https://www.bbc.com/sport/football/16240438,2011-12-26T15:00:00+00:00
Blackburn Rovers,16240564,Liverpool,https://www.bbc.com/sport/football/16240564,2011-12-26T15:00:00+00:00
Wigan Athletic,16240627,Manchester United,https://www.bbc.com/sport/football/16240627,2011-12-26T15:00:00+00:00
Everton,16240466,Sunderland,https://www.bbc.com/sport/football/16240466,2011-12-26T15:00:00+00:00
Manchester City,16240606,West Bromwich Albion,https://www.bbc.com/sport/football/16240606,2011-12-26T15:00:00+00:00
Aston Villa,16240578,Stoke City,https://www.bbc.com/sport/football/16240578,2011-12-26T19:45:00+00:00
Wolverhampton Wanderers,16300869,Arsenal,https://www.bbc.com/sport/football/16300869,2011-12-27T15:00:00+00:00
Queens Park Rangers,16260368,Swansea City,https://www.bbc.com/sport/football/16260368,2011-12-27T17:00:00+00:00
Tottenham Hotspur,16260392,Norwich City,https://www.bbc.com/sport/football/16260392,2011-12-27T19:30:00+00:00
Everton,16015017,Arsenal,https://www.bbc.com/sport/football/16015017,2011-12-10T15:00:00+00:00
Aston Villa,16015783,Bolton Wanderers,https://www.bbc.com/sport/football/16015783,2011-12-10T15:00:00+00:00
Queens Park Rangers,16014989,Liverpool,https://www.bbc.com/sport/football/16014989,2011-12-10T15:00:00+00:00
Wolverhampton Wanderers,16015818,Manchester United,https://www.bbc.com/sport/football/16015818,2011-12-10T15:00:00+00:00
Newcastle United,16015486,Norwich City,https://www.bbc.com/sport/football/16015486,2011-12-10T15:00:00+00:00
Fulham,16015563,Swansea City,https://www.bbc.com/sport/football/16015563,2011-12-10T15:00:00+00:00
Wigan Athletic,16014975,West Bromwich Albion,https://www.bbc.com/sport/football/16014975,2011-12-10T15:00:00+00:00
Stoke City,15908075,Everton,https://www.bbc.com/sport/football/15908075,2011-12-04T15:00:00+00:00
Sunderland,15908061,Wolverhampton Wanderers,https://www.bbc.com/sport/football/15908061,2011-12-04T16:00:00+00:00
Chelsea,16192968,Tottenham Hotspur,https://www.bbc.com/sport/football/16192968,2011-12-22T20:00:00+00:00
Norwich City,16154266,Wolverhampton Wanderers,https://www.bbc.com/sport/football/16154266,2011-12-20T19:45:00+00:00
Bolton Wanderers,16154249,Blackburn Rovers,https://www.bbc.com/sport/football/16154249,2011-12-20T20:00:00+00:00
Manchester City,16117291,Chelsea,https://www.bbc.com/sport/football/16117291,2011-12-12T20:00:00+00:00